[{"model": "admin.logentry", "pk": 1, "fields": {"action_time": "2022-12-12T19:00:59.607", "user": 1, "content_type": 16, "object_id": "1", "object_repr": "partner object (1)", "action_flag": 1, "change_message": "[{\"added\": {}}]"}}, {"model": "admin.logentry", "pk": 2, "fields": {"action_time": "2022-12-13T11:12:55.814", "user": 1, "content_type": 19, "object_id": "1", "object_repr": "学生", "action_flag": 1, "change_message": "[{\"added\": {}}]"}}, {"model": "admin.logentry", "pk": 3, "fields": {"action_time": "2022-12-13T11:13:02.537", "user": 1, "content_type": 19, "object_id": "2", "object_repr": "设计师", "action_flag": 1, "change_message": "[{\"added\": {}}]"}}, {"model": "admin.logentry", "pk": 4, "fields": {"action_time": "2022-12-13T11:13:30.308", "user": 1, "content_type": 19, "object_id": "3", "object_repr": "公务员", "action_flag": 1, "change_message": "[{\"added\": {}}]"}}, {"model": "admin.logentry", "pk": 5, "fields": {"action_time": "2022-12-13T11:13:39.319", "user": 1, "content_type": 19, "object_id": "4", "object_repr": "教师", "action_flag": 1, "change_message": "[{\"added\": {}}]"}}, {"model": "admin.logentry", "pk": 6, "fields": {"action_time": "2022-12-13T11:14:19.779", "user": 1, "content_type": 20, "object_id": "1", "object_repr": "可持续时尚", "action_flag": 1, "change_message": "[{\"added\": {}}]"}}, {"model": "admin.logentry", "pk": 7, "fields": {"action_time": "2022-12-13T11:14:28.142", "user": 1, "content_type": 20, "object_id": "2", "object_repr": "元时空搜索引擎", "action_flag": 1, "change_message": "[{\"added\": {}}]"}}, {"model": "admin.logentry", "pk": 8, "fields": {"action_time": "2022-12-13T11:14:37.324", "user": 1, "content_type": 20, "object_id": "3", "object_repr": "可持续新能源住宅", "action_flag": 1, "change_message": "[{\"added\": {}}]"}}, {"model": "admin.logentry", "pk": 9, "fields": {"action_time": "2022-12-13T11:14:47.810", "user": 1, "content_type": 20, "object_id": "4", "object_repr": "RAR城元宇宙", "action_flag": 1, "change_message": "[{\"added\": {}}]"}}, {"model": "admin.logentry", "pk": 10, "fields": {"action_time": "2022-12-13T11:14:53.566", "user": 1, "content_type": 20, "object_id": "5", "object_repr": "元宇宙教育", "action_flag": 1, "change_message": "[{\"added\": {}}]"}}, {"model": "admin.logentry", "pk": 11, "fields": {"action_time": "2022-12-13T11:15:10.251", "user": 1, "content_type": 20, "object_id": "6", "object_repr": "新能源露营+盒子社区", "action_flag": 1, "change_message": "[{\"added\": {}}]"}}, {"model": "admin.logentry", "pk": 12, "fields": {"action_time": "2022-12-13T11:15:31.837", "user": 1, "content_type": 20, "object_id": "7", "object_repr": "面向青少年的数字虚拟人手机助理", "action_flag": 1, "change_message": "[{\"added\": {}}]"}}, {"model": "admin.logentry", "pk": 13, "fields": {"action_time": "2022-12-13T11:15:42.304", "user": 1, "content_type": 20, "object_id": "8", "object_repr": "新能源共享三轮车", "action_flag": 1, "change_message": "[{\"added\": {}}]"}}, {"model": "admin.logentry", "pk": 14, "fields": {"action_time": "2022-12-15T00:23:42.522", "user": 1, "content_type": 22, "object_id": "1", "object_repr": "元宇宙", "action_flag": 1, "change_message": "[{\"added\": {}}]"}}, {"model": "admin.logentry", "pk": 15, "fields": {"action_time": "2022-12-15T00:23:46.768", "user": 1, "content_type": 22, "object_id": "2", "object_repr": "web3.0", "action_flag": 1, "change_message": "[{\"added\": {}}]"}}, {"model": "admin.logentry", "pk": 16, "fields": {"action_time": "2022-12-15T00:23:53.281", "user": 1, "content_type": 22, "object_id": "3", "object_repr": "虚拟现实", "action_flag": 1, "change_message": "[{\"added\": {}}]"}}, {"model": "admin.logentry", "pk": 17, "fields": {"action_time": "2022-12-15T00:43:05.984", "user": 1, "content_type": 16, "object_id": "2", "object_repr": "partner object (2)", "action_flag": 1, "change_message": "[{\"added\": {}}]"}}, {"model": "admin.logentry", "pk": 18, "fields": {"action_time": "2022-12-15T00:43:53.980", "user": 1, "content_type": 18, "object_id": "1", "object_repr": "复仇者联盟", "action_flag": 1, "change_message": "[{\"added\": {}}]"}}, {"model": "admin.logentry", "pk": 19, "fields": {"action_time": "2022-12-15T00:44:45.079", "user": 1, "content_type": 18, "object_id": "1", "object_repr": "复仇者联盟", "action_flag": 2, "change_message": "[{\"changed\": {\"fields\": [\"\\u7ec4\\u5458\"]}}]"}}, {"model": "admin.logentry", "pk": 20, "fields": {"action_time": "2022-12-15T03:06:24.511", "user": 1, "content_type": 19, "object_id": "5", "object_repr": "程序员", "action_flag": 1, "change_message": "[{\"added\": {}}]"}}, {"model": "admin.logentry", "pk": 21, "fields": {"action_time": "2022-12-15T03:06:28.390", "user": 1, "content_type": 19, "object_id": "6", "object_repr": "工人", "action_flag": 1, "change_message": "[{\"added\": {}}]"}}, {"model": "admin.logentry", "pk": 22, "fields": {"action_time": "2022-12-15T03:06:33.028", "user": 1, "content_type": 19, "object_id": "7", "object_repr": "农民", "action_flag": 1, "change_message": "[{\"added\": {}}]"}}, {"model": "admin.logentry", "pk": 23, "fields": {"action_time": "2022-12-15T03:07:02.181", "user": 1, "content_type": 18, "object_id": "1", "object_repr": "复仇者联盟", "action_flag": 3, "change_message": ""}}, {"model": "admin.logentry", "pk": 24, "fields": {"action_time": "2022-12-15T03:08:15.831", "user": 1, "content_type": 16, "object_id": "5", "object_repr": "诸葛亮", "action_flag": 3, "change_message": ""}}, {"model": "admin.logentry", "pk": 25, "fields": {"action_time": "2022-12-15T03:08:15.834", "user": 1, "content_type": 16, "object_id": "4", "object_repr": "张无忌", "action_flag": 3, "change_message": ""}}, {"model": "admin.logentry", "pk": 26, "fields": {"action_time": "2022-12-15T03:08:15.837", "user": 1, "content_type": 16, "object_id": "3", "object_repr": "该入军须日江", "action_flag": 3, "change_message": ""}}, {"model": "admin.logentry", "pk": 27, "fields": {"action_time": "2022-12-15T03:08:15.839", "user": 1, "content_type": 16, "object_id": "2", "object_repr": "邵金鑫", "action_flag": 3, "change_message": ""}}, {"model": "admin.logentry", "pk": 28, "fields": {"action_time": "2022-12-15T04:12:15.485", "user": 1, "content_type": 21, "object_id": "4", "object_repr": "content object (4)", "action_flag": 3, "change_message": ""}}, {"model": "admin.logentry", "pk": 29, "fields": {"action_time": "2022-12-15T04:12:15.488", "user": 1, "content_type": 21, "object_id": "3", "object_repr": "content object (3)", "action_flag": 3, "change_message": ""}}, {"model": "admin.logentry", "pk": 30, "fields": {"action_time": "2022-12-15T04:12:15.490", "user": 1, "content_type": 21, "object_id": "2", "object_repr": "content object (2)", "action_flag": 3, "change_message": ""}}, {"model": "admin.logentry", "pk": 31, "fields": {"action_time": "2022-12-15T04:12:15.492", "user": 1, "content_type": 21, "object_id": "1", "object_repr": "content object (1)", "action_flag": 3, "change_message": ""}}, {"model": "admin.logentry", "pk": 32, "fields": {"action_time": "2022-12-15T04:12:22.984", "user": 1, "content_type": 17, "object_id": "3", "object_repr": "product object (3)", "action_flag": 3, "change_message": ""}}, {"model": "admin.logentry", "pk": 33, "fields": {"action_time": "2022-12-15T04:12:22.987", "user": 1, "content_type": 17, "object_id": "2", "object_repr": "product object (2)", "action_flag": 3, "change_message": ""}}, {"model": "admin.logentry", "pk": 34, "fields": {"action_time": "2022-12-15T04:12:22.989", "user": 1, "content_type": 17, "object_id": "1", "object_repr": "product object (1)", "action_flag": 3, "change_message": ""}}, {"model": "admin.logentry", "pk": 35, "fields": {"action_time": "2022-12-15T10:31:44.595", "user": 1, "content_type": 20, "object_id": "9", "object_repr": "Web3.0时代数字艺术如何构建价值闭环", "action_flag": 1, "change_message": "[{\"added\": {}}]"}}, {"model": "admin.logentry", "pk": 36, "fields": {"action_time": "2022-12-15T10:31:51.811", "user": 1, "content_type": 20, "object_id": "10", "object_repr": "自拟题目", "action_flag": 1, "change_message": "[{\"added\": {}}]"}}, {"model": "admin.logentry", "pk": 37, "fields": {"action_time": "2022-12-18T12:25:53.144", "user": 1, "content_type": 23, "object_id": "1", "object_repr": "studio3", "action_flag": 1, "change_message": "[{\"added\": {}}]"}}, {"model": "admin.logentry", "pk": 38, "fields": {"action_time": "2022-12-18T12:26:28.836", "user": 1, "content_type": 23, "object_id": "2", "object_repr": "科技追光", "action_flag": 1, "change_message": "[{\"added\": {}}]"}}, {"model": "admin.logentry", "pk": 39, "fields": {"action_time": "2022-12-18T12:27:17.624", "user": 1, "content_type": 17, "object_id": "8", "object_repr": "Bloom AUTO 生成式NFT车衣套装及体验设计", "action_flag": 2, "change_message": "[{\"changed\": {\"fields\": [\"\\u4f5c\\u54c1\\u6765\\u6e90\", \"\\u521b\\u4f5c\\u5730\\u70b9\\u7ecf\\u7eac\\u5ea6\"]}}]"}}, {"model": "admin.logentry", "pk": 40, "fields": {"action_time": "2022-12-18T13:58:50.912", "user": 1, "content_type": 17, "object_id": "7", "object_repr": "Business Strategy for Flexible Modular Living in Germany", "action_flag": 2, "change_message": "[{\"changed\": {\"fields\": [\"\\u4f5c\\u54c1\\u6765\\u6e90\", \"\\u521b\\u4f5c\\u5730\\u70b9\\u7ecf\\u7eac\\u5ea6\"]}}]"}}, {"model": "admin.logentry", "pk": 41, "fields": {"action_time": "2022-12-20T11:26:55.693", "user": 1, "content_type": 16, "object_id": "37", "object_repr": "王者鹏", "action_flag": 3, "change_message": ""}}, {"model": "admin.logentry", "pk": 42, "fields": {"action_time": "2022-12-20T11:26:55.718", "user": 1, "content_type": 16, "object_id": "35", "object_repr": "范思琦", "action_flag": 3, "change_message": ""}}, {"model": "admin.logentry", "pk": 43, "fields": {"action_time": "2022-12-20T11:26:55.728", "user": 1, "content_type": 16, "object_id": "34", "object_repr": "范思琦", "action_flag": 3, "change_message": ""}}, {"model": "admin.logentry", "pk": 44, "fields": {"action_time": "2022-12-20T11:26:55.737", "user": 1, "content_type": 16, "object_id": "33", "object_repr": "范思琦", "action_flag": 3, "change_message": ""}}, {"model": "admin.logentry", "pk": 45, "fields": {"action_time": "2022-12-20T11:26:55.747", "user": 1, "content_type": 16, "object_id": "28", "object_repr": "赫然", "action_flag": 3, "change_message": ""}}, {"model": "admin.logentry", "pk": 46, "fields": {"action_time": "2022-12-20T11:26:55.757", "user": 1, "content_type": 16, "object_id": "39", "object_repr": "陆子文", "action_flag": 3, "change_message": ""}}, {"model": "admin.logentry", "pk": 47, "fields": {"action_time": "2022-12-22T12:12:10.997", "user": 1, "content_type": 16, "object_id": "67", "object_repr": "彭慕遥", "action_flag": 1, "change_message": "[{\"added\": {}}]"}}, {"model": "admin.logentry", "pk": 48, "fields": {"action_time": "2022-12-22T12:13:04.315", "user": 1, "content_type": 18, "object_id": "29", "object_repr": "Web3.0第一组", "action_flag": 2, "change_message": "[{\"changed\": {\"fields\": [\"\\u7ec4\\u957f\"]}}]"}}, {"model": "admin.logentry", "pk": 49, "fields": {"action_time": "2022-12-24T17:03:15.595", "user": 1, "content_type": 20, "object_id": "2", "object_repr": "元时空搜索引擎", "action_flag": 2, "change_message": "[{\"changed\": {\"fields\": [\"Color\"]}}]"}}, {"model": "admin.logentry", "pk": 50, "fields": {"action_time": "2022-12-24T17:03:30.519", "user": 1, "content_type": 20, "object_id": "3", "object_repr": "可持续新能源住宅", "action_flag": 2, "change_message": "[{\"changed\": {\"fields\": [\"Color\"]}}]"}}, {"model": "admin.logentry", "pk": 51, "fields": {"action_time": "2022-12-24T17:03:44.133", "user": 1, "content_type": 20, "object_id": "4", "object_repr": "RAR城元宇宙", "action_flag": 2, "change_message": "[{\"changed\": {\"fields\": [\"Color\"]}}]"}}, {"model": "admin.logentry", "pk": 52, "fields": {"action_time": "2022-12-24T17:03:54.138", "user": 1, "content_type": 20, "object_id": "5", "object_repr": "元宇宙教育", "action_flag": 2, "change_message": "[{\"changed\": {\"fields\": [\"Color\"]}}]"}}, {"model": "admin.logentry", "pk": 53, "fields": {"action_time": "2022-12-24T17:04:02.669", "user": 1, "content_type": 20, "object_id": "6", "object_repr": "新能源露营+盒子社区", "action_flag": 2, "change_message": "[{\"changed\": {\"fields\": [\"Color\"]}}]"}}, {"model": "admin.logentry", "pk": 54, "fields": {"action_time": "2022-12-24T17:04:12.658", "user": 1, "content_type": 20, "object_id": "7", "object_repr": "面向青少年的数字虚拟人手机助理", "action_flag": 2, "change_message": "[{\"changed\": {\"fields\": [\"Color\"]}}]"}}, {"model": "admin.logentry", "pk": 55, "fields": {"action_time": "2022-12-24T17:04:25.580", "user": 1, "content_type": 20, "object_id": "8", "object_repr": "新能源共享三轮车", "action_flag": 2, "change_message": "[{\"changed\": {\"fields\": [\"Color\"]}}]"}}, {"model": "admin.logentry", "pk": 56, "fields": {"action_time": "2022-12-24T17:04:40.839", "user": 1, "content_type": 20, "object_id": "9", "object_repr": "Web3.0时代数字艺术如何构建价值闭环", "action_flag": 2, "change_message": "[{\"changed\": {\"fields\": [\"Color\"]}}]"}}, {"model": "admin.logentry", "pk": 57, "fields": {"action_time": "2022-12-24T17:05:05.117", "user": 1, "content_type": 20, "object_id": "10", "object_repr": "自拟题目", "action_flag": 2, "change_message": "[{\"changed\": {\"fields\": [\"Color\"]}}]"}}, {"model": "auth.permission", "pk": 1, "fields": {"name": "Can add log entry", "content_type": 1, "codename": "add_logentry"}}, {"model": "auth.permission", "pk": 2, "fields": {"name": "Can change log entry", "content_type": 1, "codename": "change_logentry"}}, {"model": "auth.permission", "pk": 3, "fields": {"name": "Can delete log entry", "content_type": 1, "codename": "delete_logentry"}}, {"model": "auth.permission", "pk": 4, "fields": {"name": "Can view log entry", "content_type": 1, "codename": "view_logentry"}}, {"model": "auth.permission", "pk": 5, "fields": {"name": "Can add permission", "content_type": 2, "codename": "add_permission"}}, {"model": "auth.permission", "pk": 6, "fields": {"name": "Can change permission", "content_type": 2, "codename": "change_permission"}}, {"model": "auth.permission", "pk": 7, "fields": {"name": "Can delete permission", "content_type": 2, "codename": "delete_permission"}}, {"model": "auth.permission", "pk": 8, "fields": {"name": "Can view permission", "content_type": 2, "codename": "view_permission"}}, {"model": "auth.permission", "pk": 9, "fields": {"name": "Can add group", "content_type": 3, "codename": "add_group"}}, {"model": "auth.permission", "pk": 10, "fields": {"name": "Can change group", "content_type": 3, "codename": "change_group"}}, {"model": "auth.permission", "pk": 11, "fields": {"name": "Can delete group", "content_type": 3, "codename": "delete_group"}}, {"model": "auth.permission", "pk": 12, "fields": {"name": "Can view group", "content_type": 3, "codename": "view_group"}}, {"model": "auth.permission", "pk": 13, "fields": {"name": "Can add user", "content_type": 4, "codename": "add_user"}}, {"model": "auth.permission", "pk": 14, "fields": {"name": "Can change user", "content_type": 4, "codename": "change_user"}}, {"model": "auth.permission", "pk": 15, "fields": {"name": "Can delete user", "content_type": 4, "codename": "delete_user"}}, {"model": "auth.permission", "pk": 16, "fields": {"name": "Can view user", "content_type": 4, "codename": "view_user"}}, {"model": "auth.permission", "pk": 17, "fields": {"name": "Can add content type", "content_type": 5, "codename": "add_contenttype"}}, {"model": "auth.permission", "pk": 18, "fields": {"name": "Can change content type", "content_type": 5, "codename": "change_contenttype"}}, {"model": "auth.permission", "pk": 19, "fields": {"name": "Can delete content type", "content_type": 5, "codename": "delete_contenttype"}}, {"model": "auth.permission", "pk": 20, "fields": {"name": "Can view content type", "content_type": 5, "codename": "view_contenttype"}}, {"model": "auth.permission", "pk": 21, "fields": {"name": "Can add session", "content_type": 6, "codename": "add_session"}}, {"model": "auth.permission", "pk": 22, "fields": {"name": "Can change session", "content_type": 6, "codename": "change_session"}}, {"model": "auth.permission", "pk": 23, "fields": {"name": "Can delete session", "content_type": 6, "codename": "delete_session"}}, {"model": "auth.permission", "pk": 24, "fields": {"name": "Can view session", "content_type": 6, "codename": "view_session"}}, {"model": "auth.permission", "pk": 25, "fields": {"name": "Can add task result", "content_type": 7, "codename": "add_taskresult"}}, {"model": "auth.permission", "pk": 26, "fields": {"name": "Can change task result", "content_type": 7, "codename": "change_taskresult"}}, {"model": "auth.permission", "pk": 27, "fields": {"name": "Can delete task result", "content_type": 7, "codename": "delete_taskresult"}}, {"model": "auth.permission", "pk": 28, "fields": {"name": "Can view task result", "content_type": 7, "codename": "view_taskresult"}}, {"model": "auth.permission", "pk": 29, "fields": {"name": "Can add chord counter", "content_type": 8, "codename": "add_chordcounter"}}, {"model": "auth.permission", "pk": 30, "fields": {"name": "Can change chord counter", "content_type": 8, "codename": "change_chordcounter"}}, {"model": "auth.permission", "pk": 31, "fields": {"name": "Can delete chord counter", "content_type": 8, "codename": "delete_chordcounter"}}, {"model": "auth.permission", "pk": 32, "fields": {"name": "Can view chord counter", "content_type": 8, "codename": "view_chordcounter"}}, {"model": "auth.permission", "pk": 33, "fields": {"name": "Can add group result", "content_type": 9, "codename": "add_groupresult"}}, {"model": "auth.permission", "pk": 34, "fields": {"name": "Can change group result", "content_type": 9, "codename": "change_groupresult"}}, {"model": "auth.permission", "pk": 35, "fields": {"name": "Can delete group result", "content_type": 9, "codename": "delete_groupresult"}}, {"model": "auth.permission", "pk": 36, "fields": {"name": "Can view group result", "content_type": 9, "codename": "view_groupresult"}}, {"model": "auth.permission", "pk": 37, "fields": {"name": "Can add crontab", "content_type": 10, "codename": "add_crontabschedule"}}, {"model": "auth.permission", "pk": 38, "fields": {"name": "Can change crontab", "content_type": 10, "codename": "change_crontabschedule"}}, {"model": "auth.permission", "pk": 39, "fields": {"name": "Can delete crontab", "content_type": 10, "codename": "delete_crontabschedule"}}, {"model": "auth.permission", "pk": 40, "fields": {"name": "Can view crontab", "content_type": 10, "codename": "view_crontabschedule"}}, {"model": "auth.permission", "pk": 41, "fields": {"name": "Can add interval", "content_type": 11, "codename": "add_intervalschedule"}}, {"model": "auth.permission", "pk": 42, "fields": {"name": "Can change interval", "content_type": 11, "codename": "change_intervalschedule"}}, {"model": "auth.permission", "pk": 43, "fields": {"name": "Can delete interval", "content_type": 11, "codename": "delete_intervalschedule"}}, {"model": "auth.permission", "pk": 44, "fields": {"name": "Can view interval", "content_type": 11, "codename": "view_intervalschedule"}}, {"model": "auth.permission", "pk": 45, "fields": {"name": "Can add periodic task", "content_type": 12, "codename": "add_periodictask"}}, {"model": "auth.permission", "pk": 46, "fields": {"name": "Can change periodic task", "content_type": 12, "codename": "change_periodictask"}}, {"model": "auth.permission", "pk": 47, "fields": {"name": "Can delete periodic task", "content_type": 12, "codename": "delete_periodictask"}}, {"model": "auth.permission", "pk": 48, "fields": {"name": "Can view periodic task", "content_type": 12, "codename": "view_periodictask"}}, {"model": "auth.permission", "pk": 49, "fields": {"name": "Can add periodic tasks", "content_type": 13, "codename": "add_periodictasks"}}, {"model": "auth.permission", "pk": 50, "fields": {"name": "Can change periodic tasks", "content_type": 13, "codename": "change_periodictasks"}}, {"model": "auth.permission", "pk": 51, "fields": {"name": "Can delete periodic tasks", "content_type": 13, "codename": "delete_periodictasks"}}, {"model": "auth.permission", "pk": 52, "fields": {"name": "Can view periodic tasks", "content_type": 13, "codename": "view_periodictasks"}}, {"model": "auth.permission", "pk": 53, "fields": {"name": "Can add solar event", "content_type": 14, "codename": "add_solarschedule"}}, {"model": "auth.permission", "pk": 54, "fields": {"name": "Can change solar event", "content_type": 14, "codename": "change_solarschedule"}}, {"model": "auth.permission", "pk": 55, "fields": {"name": "Can delete solar event", "content_type": 14, "codename": "delete_solarschedule"}}, {"model": "auth.permission", "pk": 56, "fields": {"name": "Can view solar event", "content_type": 14, "codename": "view_solarschedule"}}, {"model": "auth.permission", "pk": 57, "fields": {"name": "Can add clocked", "content_type": 15, "codename": "add_clockedschedule"}}, {"model": "auth.permission", "pk": 58, "fields": {"name": "Can change clocked", "content_type": 15, "codename": "change_clockedschedule"}}, {"model": "auth.permission", "pk": 59, "fields": {"name": "Can delete clocked", "content_type": 15, "codename": "delete_clockedschedule"}}, {"model": "auth.permission", "pk": 60, "fields": {"name": "Can view clocked", "content_type": 15, "codename": "view_clockedschedule"}}, {"model": "auth.permission", "pk": 61, "fields": {"name": "Can add partner", "content_type": 16, "codename": "add_partner"}}, {"model": "auth.permission", "pk": 62, "fields": {"name": "Can change partner", "content_type": 16, "codename": "change_partner"}}, {"model": "auth.permission", "pk": 63, "fields": {"name": "Can delete partner", "content_type": 16, "codename": "delete_partner"}}, {"model": "auth.permission", "pk": 64, "fields": {"name": "Can view partner", "content_type": 16, "codename": "view_partner"}}, {"model": "auth.permission", "pk": 65, "fields": {"name": "Can add product", "content_type": 17, "codename": "add_product"}}, {"model": "auth.permission", "pk": 66, "fields": {"name": "Can change product", "content_type": 17, "codename": "change_product"}}, {"model": "auth.permission", "pk": 67, "fields": {"name": "Can delete product", "content_type": 17, "codename": "delete_product"}}, {"model": "auth.permission", "pk": 68, "fields": {"name": "Can view product", "content_type": 17, "codename": "view_product"}}, {"model": "auth.permission", "pk": 69, "fields": {"name": "Can add group", "content_type": 18, "codename": "add_group"}}, {"model": "auth.permission", "pk": 70, "fields": {"name": "Can change group", "content_type": 18, "codename": "change_group"}}, {"model": "auth.permission", "pk": 71, "fields": {"name": "Can delete group", "content_type": 18, "codename": "delete_group"}}, {"model": "auth.permission", "pk": 72, "fields": {"name": "Can view group", "content_type": 18, "codename": "view_group"}}, {"model": "auth.permission", "pk": 73, "fields": {"name": "Can add occupation", "content_type": 19, "codename": "add_occupation"}}, {"model": "auth.permission", "pk": 74, "fields": {"name": "Can change occupation", "content_type": 19, "codename": "change_occupation"}}, {"model": "auth.permission", "pk": 75, "fields": {"name": "Can delete occupation", "content_type": 19, "codename": "delete_occupation"}}, {"model": "auth.permission", "pk": 76, "fields": {"name": "Can view occupation", "content_type": 19, "codename": "view_occupation"}}, {"model": "auth.permission", "pk": 77, "fields": {"name": "Can add category", "content_type": 20, "codename": "add_category"}}, {"model": "auth.permission", "pk": 78, "fields": {"name": "Can change category", "content_type": 20, "codename": "change_category"}}, {"model": "auth.permission", "pk": 79, "fields": {"name": "Can delete category", "content_type": 20, "codename": "delete_category"}}, {"model": "auth.permission", "pk": 80, "fields": {"name": "Can view category", "content_type": 20, "codename": "view_category"}}, {"model": "auth.permission", "pk": 81, "fields": {"name": "Can add content", "content_type": 21, "codename": "add_content"}}, {"model": "auth.permission", "pk": 82, "fields": {"name": "Can change content", "content_type": 21, "codename": "change_content"}}, {"model": "auth.permission", "pk": 83, "fields": {"name": "Can delete content", "content_type": 21, "codename": "delete_content"}}, {"model": "auth.permission", "pk": 84, "fields": {"name": "Can view content", "content_type": 21, "codename": "view_content"}}, {"model": "auth.permission", "pk": 85, "fields": {"name": "Can add tags", "content_type": 22, "codename": "add_tags"}}, {"model": "auth.permission", "pk": 86, "fields": {"name": "Can change tags", "content_type": 22, "codename": "change_tags"}}, {"model": "auth.permission", "pk": 87, "fields": {"name": "Can delete tags", "content_type": 22, "codename": "delete_tags"}}, {"model": "auth.permission", "pk": 88, "fields": {"name": "Can view tags", "content_type": 22, "codename": "view_tags"}}, {"model": "auth.permission", "pk": 89, "fields": {"name": "Can add fromtype", "content_type": 23, "codename": "add_fromtype"}}, {"model": "auth.permission", "pk": 90, "fields": {"name": "Can change fromtype", "content_type": 23, "codename": "change_fromtype"}}, {"model": "auth.permission", "pk": 91, "fields": {"name": "Can delete fromtype", "content_type": 23, "codename": "delete_fromtype"}}, {"model": "auth.permission", "pk": 92, "fields": {"name": "Can view fromtype", "content_type": 23, "codename": "view_fromtype"}}, {"model": "auth.permission", "pk": 93, "fields": {"name": "Can add social_like", "content_type": 24, "codename": "add_social_like"}}, {"model": "auth.permission", "pk": 94, "fields": {"name": "Can change social_like", "content_type": 24, "codename": "change_social_like"}}, {"model": "auth.permission", "pk": 95, "fields": {"name": "Can delete social_like", "content_type": 24, "codename": "delete_social_like"}}, {"model": "auth.permission", "pk": 96, "fields": {"name": "Can view social_like", "content_type": 24, "codename": "view_social_like"}}, {"model": "auth.permission", "pk": 97, "fields": {"name": "Can add social_share", "content_type": 25, "codename": "add_social_share"}}, {"model": "auth.permission", "pk": 98, "fields": {"name": "Can change social_share", "content_type": 25, "codename": "change_social_share"}}, {"model": "auth.permission", "pk": 99, "fields": {"name": "Can delete social_share", "content_type": 25, "codename": "delete_social_share"}}, {"model": "auth.permission", "pk": 100, "fields": {"name": "Can view social_share", "content_type": 25, "codename": "view_social_share"}}, {"model": "auth.permission", "pk": 101, "fields": {"name": "Can add social_view", "content_type": 26, "codename": "add_social_view"}}, {"model": "auth.permission", "pk": 102, "fields": {"name": "Can change social_view", "content_type": 26, "codename": "change_social_view"}}, {"model": "auth.permission", "pk": 103, "fields": {"name": "Can delete social_view", "content_type": 26, "codename": "delete_social_view"}}, {"model": "auth.permission", "pk": 104, "fields": {"name": "Can view social_view", "content_type": 26, "codename": "view_social_view"}}, {"model": "auth.user", "pk": 1, "fields": {"password": "pbkdf2_sha256$390000$BoHvCOKX9HoCGmuCNM75df$G68LXNytx3teN+Xm8xbZB914vQf95c2i4Me91MTX66E=", "last_login": "2022-12-22T12:10:22.575", "is_superuser": true, "username": "shaojinxin", "first_name": "", "last_name": "", "email": "shaojinxin@citorytech.com", "is_staff": true, "is_active": true, "date_joined": "2022-12-12T18:09:30.737", "groups": [], "user_permissions": []}}, {"model": "contenttypes.contenttype", "pk": 1, "fields": {"app_label": "admin", "model": "logentry"}}, {"model": "contenttypes.contenttype", "pk": 2, "fields": {"app_label": "auth", "model": "permission"}}, {"model": "contenttypes.contenttype", "pk": 3, "fields": {"app_label": "auth", "model": "group"}}, {"model": "contenttypes.contenttype", "pk": 4, "fields": {"app_label": "auth", "model": "user"}}, {"model": "contenttypes.contenttype", "pk": 5, "fields": {"app_label": "contenttypes", "model": "contenttype"}}, {"model": "contenttypes.contenttype", "pk": 6, "fields": {"app_label": "sessions", "model": "session"}}, {"model": "contenttypes.contenttype", "pk": 7, "fields": {"app_label": "django_celery_results", "model": "taskresult"}}, {"model": "contenttypes.contenttype", "pk": 8, "fields": {"app_label": "django_celery_results", "model": "chordcounter"}}, {"model": "contenttypes.contenttype", "pk": 9, "fields": {"app_label": "django_celery_results", "model": "groupresult"}}, {"model": "contenttypes.contenttype", "pk": 10, "fields": {"app_label": "django_celery_beat", "model": "crontabschedule"}}, {"model": "contenttypes.contenttype", "pk": 11, "fields": {"app_label": "django_celery_beat", "model": "intervalschedule"}}, {"model": "contenttypes.contenttype", "pk": 12, "fields": {"app_label": "django_celery_beat", "model": "periodictask"}}, {"model": "contenttypes.contenttype", "pk": 13, "fields": {"app_label": "django_celery_beat", "model": "periodictasks"}}, {"model": "contenttypes.contenttype", "pk": 14, "fields": {"app_label": "django_celery_beat", "model": "solarschedule"}}, {"model": "contenttypes.contenttype", "pk": 15, "fields": {"app_label": "django_celery_beat", "model": "clockedschedule"}}, {"model": "contenttypes.contenttype", "pk": 16, "fields": {"app_label": "enroll", "model": "partner"}}, {"model": "contenttypes.contenttype", "pk": 17, "fields": {"app_label": "enroll", "model": "product"}}, {"model": "contenttypes.contenttype", "pk": 18, "fields": {"app_label": "enroll", "model": "group"}}, {"model": "contenttypes.contenttype", "pk": 19, "fields": {"app_label": "enroll", "model": "occupation"}}, {"model": "contenttypes.contenttype", "pk": 20, "fields": {"app_label": "enroll", "model": "category"}}, {"model": "contenttypes.contenttype", "pk": 21, "fields": {"app_label": "enroll", "model": "content"}}, {"model": "contenttypes.contenttype", "pk": 22, "fields": {"app_label": "enroll", "model": "tags"}}, {"model": "contenttypes.contenttype", "pk": 23, "fields": {"app_label": "enroll", "model": "fromtype"}}, {"model": "contenttypes.contenttype", "pk": 24, "fields": {"app_label": "enroll", "model": "social_like"}}, {"model": "contenttypes.contenttype", "pk": 25, "fields": {"app_label": "enroll", "model": "social_share"}}, {"model": "contenttypes.contenttype", "pk": 26, "fields": {"app_label": "enroll", "model": "social_view"}}, {"model": "enroll.fromtype", "pk": 1, "fields": {"name": "studio3"}}, {"model": "enroll.fromtype", "pk": 2, "fields": {"name": "科技追光"}}, {"model": "enroll.occupation", "pk": 1, "fields": {"name": "学生"}}, {"model": "enroll.occupation", "pk": 2, "fields": {"name": "设计师"}}, {"model": "enroll.occupation", "pk": 3, "fields": {"name": "公务员"}}, {"model": "enroll.occupation", "pk": 4, "fields": {"name": "教师"}}, {"model": "enroll.occupation", "pk": 5, "fields": {"name": "程序员"}}, {"model": "enroll.occupation", "pk": 6, "fields": {"name": "工人"}}, {"model": "enroll.occupation", "pk": 7, "fields": {"name": "农民"}}, {"model": "enroll.occupation", "pk": 8, "fields": {"name": "建筑师"}}, {"model": "enroll.occupation", "pk": 9, "fields": {"name": "城市规划师"}}, {"model": "enroll.category", "pk": 1, "fields": {"name": "可持续时尚", "color": "#FF0000"}}, {"model": "enroll.category", "pk": 2, "fields": {"name": "元时空搜索引擎", "color": "#09A9FFFF"}}, {"model": "enroll.category", "pk": 3, "fields": {"name": "可持续新能源住宅", "color": "#FFE209FF"}}, {"model": "enroll.category", "pk": 4, "fields": {"name": "RAR城元宇宙", "color": "#07FF95FF"}}, {"model": "enroll.category", "pk": 5, "fields": {"name": "元宇宙教育", "color": "#FF8507FF"}}, {"model": "enroll.category", "pk": 6, "fields": {"name": "新能源露营+盒子社区", "color": "#07FFF2FF"}}, {"model": "enroll.category", "pk": 7, "fields": {"name": "面向青少年的数字虚拟人手机助理", "color": "#B002FFFF"}}, {"model": "enroll.category", "pk": 8, "fields": {"name": "新能源共享三轮车", "color": "#FF1598FF"}}, {"model": "enroll.category", "pk": 9, "fields": {"name": "Web3.0时代数字艺术如何构建价值闭环", "color": "#64FF00FF"}}, {"model": "enroll.category", "pk": 10, "fields": {"name": "自拟题目", "color": "#D8D8D8FF"}}, {"model": "enroll.partner", "pk": 4, "fields": {"name": "Manuel SAUER", "gender": "男", "regional": "Ansbach", "point": "[\"10.572229\", \"49.302861\"]", "avatar": "[{\"uid\": 1671528872659, \"url\": \"https://metaweb-1254980686.cos.ap-shanghai.myqcloud.com/4ed5b287a5725862944969b6f5e664a4_Manuel Sauer.png\", \"name\": \"4ed5b287a5725862944969b6f5e664a4_Manuel Sauer.png\", \"status\": \"success\"}]", "signature": "Manuel Sauer", "occupation": 1, "email": "manuel.johannes.sauer@web.de", "phone": "+49 151 53525363"}}, {"model": "enroll.partner", "pk": 5, "fields": {"name": "文绮颖", "gender": "女", "regional": "长沙市", "point": "[\"112.93354649758847\", \"28.232201665857154\"]", "avatar": "[{\"uid\": 1671529066820, \"url\": \"https://metaweb-1254980686.cos.ap-shanghai.myqcloud.com/f5b595d9e1a31770a8f6b21a2182252d_shaved-ice_1f367.png\", \"name\": \"f5b595d9e1a31770a8f6b21a2182252d_shaved-ice_1f367.png\", \"status\": \"success\"}]", "signature": "", "occupation": 1, "email": "qiying0923@foxmail.com", "phone": "13548966835"}}, {"model": "enroll.partner", "pk": 10, "fields": {"name": "Jacqueline Chen", "gender": "女", "regional": "São Paulo", "point": "[\"-46.6334\", \"-23.5507\"]", "avatar": "[{\"url\": \"https://metaweb-1254980686.cos.ap-shanghai.myqcloud.com/04b807d27882ef5ced6cdc46ead9c72b_\\u9648\\u7f8e\\u829d-\\u7167\\u7247.png\", \"name\": \"04b807d27882ef5ced6cdc46ead9c72b_\\u9648\\u7f8e\\u829d-\\u7167\\u7247.png\"}]", "signature": "", "occupation": 2, "email": "jchen@outlook.com.br", "phone": "+55 11 916459118"}}, {"model": "enroll.partner", "pk": 12, "fields": {"name": "缪绮阳", "gender": "女", "regional": "南京市", "point": "[\"118.79081489804503\", \"32.06036767490039\"]", "avatar": "[{\"uid\": 1671529695575, \"url\": \"https://metaweb-1254980686.cos.ap-shanghai.myqcloud.com/7baf39d42b144749cdbcbefebefed2bb_1.png\", \"name\": \"7baf39d42b144749cdbcbefebefed2bb_1.png\", \"status\": \"success\"}]", "signature": "", "occupation": 1, "email": "383601286@qq.com", "phone": "19821924264"}}, {"model": "enroll.partner", "pk": 13, "fields": {"name": "张雅菁", "gender": "女", "regional": "长沙市", "point": "[\"112.93354649758847\", \"28.232201665857154\"]", "avatar": "[{\"uid\": 1671516358502, \"url\": \"https://metaweb-1254980686.cos.ap-shanghai.myqcloud.com/04514cc8ebcaf7f5813f2a37ec732152_WechatIMG6077.png\", \"name\": \"04514cc8ebcaf7f5813f2a37ec732152_WechatIMG6077.png\", \"status\": \"success\"}]", "signature": "", "occupation": 1, "email": "383601286@qq.com", "phone": "19821924264"}}, {"model": "enroll.partner", "pk": 14, "fields": {"name": "胡钟元", "gender": "女", "regional": "", "point": "[]", "avatar": "[]", "signature": "", "occupation": 1, "email": "18951303280@163.com", "phone": "18951303280"}}, {"model": "enroll.partner", "pk": 15, "fields": {"name": "张一鸣", "gender": "男", "regional": "曲靖市", "point": "[\"103.79397754211006\", \"25.493102069685094\"]", "avatar": "[]", "signature": "", "occupation": 1, "email": "", "phone": ""}}, {"model": "enroll.partner", "pk": 16, "fields": {"name": "张慕财", "gender": "男", "regional": "", "point": "[]", "avatar": "[]", "signature": "", "occupation": 1, "email": "", "phone": "13955676690"}}, {"model": "enroll.partner", "pk": 17, "fields": {"name": "陈乐恒", "gender": "女", "regional": "", "point": "[]", "avatar": "[]", "signature": "", "occupation": 1, "email": "", "phone": ""}}, {"model": "enroll.partner", "pk": 18, "fields": {"name": "张润花", "gender": "女", "regional": "平顶山市", "point": "[\"113.18673179805225\", \"33.76753097241693\"]", "avatar": "[{\"uid\": 1671529708098, \"url\": \"https://metaweb-1254980686.cos.ap-shanghai.myqcloud.com/47309f0e4fd05dc5ce1de7f0e389f731_\\u56fe\\u7247 1.png\", \"name\": \"47309f0e4fd05dc5ce1de7f0e389f731_\\u56fe\\u7247 1.png\", \"status\": \"success\"}]", "signature": "", "occupation": 1, "email": "riva.rh.zhang@gmail.com", "phone": "13076086315"}}, {"model": "enroll.partner", "pk": 19, "fields": {"name": "张润花", "gender": "男", "regional": "连云港市", "point": "[\"119.21647030946659\", \"34.59763110942768\"]", "avatar": "[]", "signature": "", "occupation": 1, "email": "13775469811@163.com", "phone": "13775469811"}}, {"model": "enroll.partner", "pk": 20, "fields": {"name": "卢旭", "gender": "男", "regional": "连云港市", "point": "[\"119.21647030946659\", \"34.59763110942768\"]", "avatar": "[]", "signature": "", "occupation": 1, "email": "13775469811@163.com", "phone": "13775469811"}}, {"model": "enroll.partner", "pk": 21, "fields": {"name": "陈佳怡", "gender": "女", "regional": "青岛市", "point": "[\"120.37787015900359\", \"36.065819199856655\"]", "avatar": "[]", "signature": "", "occupation": 1, "email": "664243225@qq.com", "phone": "15505427046"}}, {"model": "enroll.partner", "pk": 22, "fields": {"name": "姚奕欣", "gender": "女", "regional": "苏州市", "point": "[\"120.58182300344443\", \"31.299485531144477\"]", "avatar": "[]", "signature": "", "occupation": 1, "email": "1061836945@qq.com", "phone": "15370010520"}}, {"model": "enroll.partner", "pk": 23, "fields": {"name": "程瑶", "gender": "男", "regional": "安康市", "point": "[\"109.02413836855312\", \"32.68686413319332\"]", "avatar": "[]", "signature": "", "occupation": 1, "email": "13775469811@163.com", "phone": "18221229380"}}, {"model": "enroll.partner", "pk": 24, "fields": {"name": "杜木瑞", "gender": "男", "regional": "四川省", "point": "[\"104.064491185462\", \"30.57395229609886\"]", "avatar": "[{\"uid\": 1671529774750, \"url\": \"https://metaweb-1254980686.cos.ap-shanghai.myqcloud.com/786533ef8e61e9d7c45280d2318a8e7e_\\u675c\\u6728\\u745e-\\u5934\\u50cf.jpg\", \"name\": \"786533ef8e61e9d7c45280d2318a8e7e_\\u675c\\u6728\\u745e-\\u5934\\u50cf.jpg\", \"status\": \"success\"}]", "signature": "", "occupation": 1, "email": "770593885@qq.com", "phone": "18321959153"}}, {"model": "enroll.partner", "pk": 25, "fields": {"name": "张达", "gender": "男", "regional": "吉林市", "point": "[\"126.54330807080503\", \"43.835639408818516\"]", "avatar": "[]", "signature": "", "occupation": 1, "email": "2131932@tongji.edu.cn", "phone": "18817598674"}}, {"model": "enroll.partner", "pk": 26, "fields": {"name": "赫然", "gender": "女", "regional": "", "point": "[]", "avatar": "[]", "signature": "", "occupation": 1, "email": "1412494496@qq.com", "phone": "18890031503"}}, {"model": "enroll.partner", "pk": 27, "fields": {"name": "廖一菲", "gender": "女", "regional": "", "point": "[]", "avatar": "[]", "signature": "", "occupation": 1, "email": "", "phone": ""}}, {"model": "enroll.partner", "pk": 29, "fields": {"name": "陈雪儿", "gender": "女", "regional": "", "point": "[]", "avatar": "[]", "signature": "", "occupation": 1, "email": "346826555@qq.com", "phone": "13113970690"}}, {"model": "enroll.partner", "pk": 30, "fields": {"name": "张曼", "gender": "女", "regional": "", "point": "[]", "avatar": "[]", "signature": "", "occupation": 1, "email": "1070693989@qq.com", "phone": "18811590833"}}, {"model": "enroll.partner", "pk": 31, "fields": {"name": "江姿颖", "gender": "女", "regional": "青岛市", "point": "[\"120.37787015900359\", \"36.065819199856655\"]", "avatar": "[]", "signature": "", "occupation": 1, "email": "", "phone": "13969622866"}}, {"model": "enroll.partner", "pk": 32, "fields": {"name": "黑静好", "gender": "女", "regional": "宜春市", "point": "[\"114.41169176447227\", \"27.818302225731546\"]", "avatar": "[]", "signature": "", "occupation": 1, "email": "", "phone": ""}}, {"model": "enroll.partner", "pk": 36, "fields": {"name": "王者鹏", "gender": "男", "regional": "", "point": "[]", "avatar": "[]", "signature": "", "occupation": 1, "email": "2133738@tongji.edu.cn", "phone": "13369625517"}}, {"model": "enroll.partner", "pk": 38, "fields": {"name": "陆子文", "gender": "男", "regional": "黄浦区", "point": "[\"121.48051840191928\", \"31.23346909666257\"]", "avatar": "[]", "signature": "", "occupation": 1, "email": "1627673846@qq.com", "phone": "18321005162"}}, {"model": "enroll.partner", "pk": 40, "fields": {"name": "陈瑾霄", "gender": "女", "regional": "蚌埠市", "point": "[\"117.3831531986148\", \"32.91720446818467\"]", "avatar": "[]", "signature": "", "occupation": 1, "email": "", "phone": ""}}, {"model": "enroll.partner", "pk": 41, "fields": {"name": "李禹慧", "gender": "女", "regional": "湛江市", "point": "[\"110.35450449897965\", \"21.273277739019438\"]", "avatar": "[]", "signature": "", "occupation": 1, "email": "", "phone": ""}}, {"model": "enroll.partner", "pk": 42, "fields": {"name": "蔡博慧", "gender": "女", "regional": "", "point": "[]", "avatar": "[]", "signature": "", "occupation": 1, "email": "", "phone": ""}}, {"model": "enroll.partner", "pk": 43, "fields": {"name": "侯绪彤", "gender": "女", "regional": "厦门市", "point": "[\"118.08502184952654\", \"24.481744598514922\"]", "avatar": "[]", "signature": "", "occupation": 1, "email": "", "phone": ""}}, {"model": "enroll.partner", "pk": 44, "fields": {"name": "褚初寒", "gender": "男", "regional": "长春市", "point": "[\"125.31749555986491\", \"43.81374895306948\"]", "avatar": "[]", "signature": "", "occupation": 1, "email": "", "phone": ""}}, {"model": "enroll.partner", "pk": 45, "fields": {"name": "尹硕", "gender": "男", "regional": "日照市", "point": "[\"119.52157464944186\", \"35.41678741303474\"]", "avatar": "[{\"uid\": 1671529854511, \"url\": \"https://metaweb-1254980686.cos.ap-shanghai.myqcloud.com/f69b88b805b1421175fc3e29378a0b62_\\u56fe\\u7247 6.png\", \"name\": \"f69b88b805b1421175fc3e29378a0b62_\\u56fe\\u7247 6.png\", \"status\": \"success\"}]", "signature": "", "occupation": 1, "email": "1617571125@qq.com", "phone": "17862327658"}}, {"model": "enroll.partner", "pk": 46, "fields": {"name": "徐艺丹", "gender": "女", "regional": "咸阳市", "point": "[\"108.70432529370487\", \"34.33064312437022\"]", "avatar": "[]", "signature": "", "occupation": 1, "email": "xuyidan9988@163.com", "phone": "13032870086"}}, {"model": "enroll.partner", "pk": 47, "fields": {"name": "黄佳捷", "gender": "男", "regional": "咸阳市", "point": "[\"108.70432529370487\", \"34.33064312437022\"]", "avatar": "[]", "signature": "", "occupation": 1, "email": "xuyidan9988@163.com", "phone": "13032870086"}}, {"model": "enroll.partner", "pk": 48, "fields": {"name": "魏有晟", "gender": "男", "regional": "九江市", "point": "[\"115.94916102389178\", \"29.663407567487955\"]", "avatar": "[]", "signature": "", "occupation": 1, "email": "1729123443@qq.com", "phone": "15607925766"}}, {"model": "enroll.partner", "pk": 49, "fields": {"name": "古坷懿", "gender": "女", "regional": "", "point": "[]", "avatar": "[]", "signature": "", "occupation": 1, "email": "846839188@qq.com", "phone": "18780041438"}}, {"model": "enroll.partner", "pk": 50, "fields": {"name": "罗瑶", "gender": "女", "regional": "", "point": "[]", "avatar": "[]", "signature": "", "occupation": 1, "email": "", "phone": ""}}, {"model": "enroll.partner", "pk": 51, "fields": {"name": "陈星珲", "gender": "男", "regional": "", "point": "[]", "avatar": "[]", "signature": "", "occupation": 1, "email": "", "phone": ""}}, {"model": "enroll.partner", "pk": 52, "fields": {"name": "陈灿杰", "gender": "男", "regional": "漳州市", "point": "[\"117.64221611680134\", \"24.5161774659702\"]", "avatar": "[{\"uid\": 1671529821050, \"url\": \"https://metaweb-1254980686.cos.ap-shanghai.myqcloud.com/5aa8467db2717b556d66b119a5fe42ed_\\u56fe\\u7247 10.png\", \"name\": \"5aa8467db2717b556d66b119a5fe42ed_\\u56fe\\u7247 10.png\", \"status\": \"success\"}]", "signature": "", "occupation": 1, "email": "alex_chin@foxmail.com", "phone": "15651020336"}}, {"model": "enroll.partner", "pk": 53, "fields": {"name": "李欣", "gender": "女", "regional": "商丘市", "point": "[\"115.6504911501307\", \"34.41546849827437\"]", "avatar": "[]", "signature": "", "occupation": 1, "email": "1933661294@qq.com", "phone": "17821329872"}}, {"model": "enroll.partner", "pk": 54, "fields": {"name": "王旭光", "gender": "男", "regional": "潍坊市", "point": "[\"119.15611371500671\", \"36.7058552955832\"]", "avatar": "[]", "signature": "", "occupation": 1, "email": "xuguangwang@tongji.edu.cn", "phone": "17621190447"}}, {"model": "enroll.partner", "pk": 55, "fields": {"name": "冯泗衡", "gender": "男", "regional": "吉林市", "point": "[\"126.54330807080503\", \"43.835639408818516\"]", "avatar": "[]", "signature": "", "occupation": 1, "email": "", "phone": "19121763515"}}, {"model": "enroll.partner", "pk": 56, "fields": {"name": "陈河润", "gender": "男", "regional": "自贡市", "point": "[\"104.77530043366232\", \"29.342254759367076\"]", "avatar": "[]", "signature": "", "occupation": 1, "email": "", "phone": ""}}, {"model": "enroll.partner", "pk": 57, "fields": {"name": "顾天润", "gender": "男", "regional": "珠海市", "point": "[\"113.57096200080763\", \"22.273910417703938\"]", "avatar": "[]", "signature": "", "occupation": 1, "email": "", "phone": ""}}, {"model": "enroll.partner", "pk": 58, "fields": {"name": "田沁锋", "gender": "男", "regional": "湘西土家族苗族自治州", "point": "[\"109.73427115755523\", \"28.315085710629706\"]", "avatar": "[]", "signature": "", "occupation": 1, "email": "", "phone": ""}}, {"model": "enroll.partner", "pk": 59, "fields": {"name": "黄舒婷", "gender": "女", "regional": "", "point": "[]", "avatar": "[]", "signature": "", "occupation": 1, "email": "389186399@qq.com", "phone": "17326085515"}}, {"model": "enroll.partner", "pk": 60, "fields": {"name": "钟嘉欣", "gender": "女", "regional": "", "point": "[]", "avatar": "[]", "signature": "", "occupation": 1, "email": "", "phone": ""}}, {"model": "enroll.partner", "pk": 61, "fields": {"name": "杨政昂", "gender": "男", "regional": "", "point": "[]", "avatar": "[]", "signature": "", "occupation": 1, "email": "", "phone": ""}}, {"model": "enroll.partner", "pk": 62, "fields": {"name": "王浩杰", "gender": "男", "regional": "山西省", "point": "[\"112.55673190915229\", \"37.87300183354552\"]", "avatar": "[]", "signature": "", "occupation": 1, "email": "", "phone": ""}}, {"model": "enroll.partner", "pk": 63, "fields": {"name": "吴雨蔚", "gender": "女", "regional": "四川省", "point": "[\"104.064491185462\", \"30.57395229609886\"]", "avatar": "[]", "signature": "", "occupation": 1, "email": "", "phone": ""}}, {"model": "enroll.partner", "pk": 64, "fields": {"name": "黑静好", "gender": "女", "regional": "宜春市", "point": "[\"114.41169176447227\", \"27.818302225731546\"]", "avatar": "[]", "signature": "", "occupation": 1, "email": "", "phone": ""}}, {"model": "enroll.partner", "pk": 65, "fields": {"name": "曹焰铖", "gender": "男", "regional": "浙江省", "point": "[\"120.14830383872405\", \"30.26792706492462\"]", "avatar": "[]", "signature": "", "occupation": 1, "email": "", "phone": ""}}, {"model": "enroll.partner", "pk": 66, "fields": {"name": "韩啸", "gender": "男", "regional": "", "point": "[]", "avatar": "[]", "signature": "", "occupation": 1, "email": "501386528@qq.com", "phone": "18252580610"}}, {"model": "enroll.partner", "pk": 67, "fields": {"name": "彭慕遥", "gender": "女", "regional": null, "point": "[]", "avatar": "[]", "signature": "", "occupation": 1, "email": null, "phone": null}}, {"model": "enroll.partner", "pk": 68, "fields": {"name": "柏玥", "gender": "男", "regional": "", "point": "[]", "avatar": "[]", "signature": "", "occupation": 1, "email": "1429091810@qq.com", "phone": "18988499828"}}, {"model": "enroll.partner", "pk": 69, "fields": {"name": "吴鹏飞", "gender": "男", "regional": "上海市", "point": "[\"121.46947894381701\", \"31.23194399924772\"]", "avatar": "[{\"url\": \"https://metaweb-1254980686.cos.ap-shanghai.myqcloud.com/66ac49c64208c84163cbe30c9b1823a3_\\u76f2\\u76d21.jpg\", \"name\": \"66ac49c64208c84163cbe30c9b1823a3_\\u76f2\\u76d21.jpg\"}]", "signature": "shejishi", "occupation": 2, "email": "1165927217@qq.com", "phone": "18406570856"}}, {"model": "enroll.partner", "pk": 70, "fields": {"name": "黄子沅", "gender": "男", "regional": "", "point": "[]", "avatar": "[]", "signature": "", "occupation": 1, "email": "2573802219@qq.com", "phone": "18321999076"}}, {"model": "enroll.partner", "pk": 71, "fields": {"name": "宋志豪", "gender": "男", "regional": "", "point": "[]", "avatar": "[]", "signature": "", "occupation": 1, "email": "", "phone": ""}}, {"model": "enroll.partner", "pk": 72, "fields": {"name": "郝超雄", "gender": "男", "regional": "", "point": "[]", "avatar": "[]", "signature": "", "occupation": 1, "email": "", "phone": ""}}, {"model": "enroll.partner", "pk": 73, "fields": {"name": "宋志豪", "gender": "男", "regional": "", "point": "[]", "avatar": "[]", "signature": "", "occupation": 1, "email": "", "phone": ""}}, {"model": "enroll.partner", "pk": 74, "fields": {"name": "李佳诺", "gender": "男", "regional": "常州市", "point": "[\"119.97024662280475\", \"31.811732454738888\"]", "avatar": "[]", "signature": "", "occupation": 1, "email": "jianuo1029@tongji.edu.cn", "phone": "17782177268"}}, {"model": "enroll.partner", "pk": 75, "fields": {"name": "王瑞贞", "gender": "女", "regional": "新乡市", "point": "[\"113.92109081735896\", \"35.30447964730745\"]", "avatar": "[{\"url\": \"https://metaweb-1254980686.cos.ap-shanghai.myqcloud.com/211be847bbb4fdc3f712be27145207b3_\\u56fe\\u7247 1.jpg\", \"name\": \"211be847bbb4fdc3f712be27145207b3_\\u56fe\\u7247 1.jpg\"}]", "signature": "", "occupation": 1, "email": "2133646@tongji.edu.cn", "phone": "13789355851"}}, {"model": "enroll.partner", "pk": 76, "fields": {"name": "邵金鑫", "gender": "男", "regional": "湖州市", "point": "[\"120.08313030269785\", \"30.895044285911826\"]", "avatar": "[]", "signature": "", "occupation": 5, "email": "447185209@qq.com", "phone": "17521179129"}}, {"model": "enroll.group", "pk": 11, "fields": {"name": "Box Community", "leader": 4, "member": "[\"Manuel Sauer\"]"}}, {"model": "enroll.group", "pk": 12, "fields": {"name": "可持续时尚第三小组", "leader": 5, "member": "[\"\\u674e\\u7389\\u5e0c\", \"\\u8d75\\u6c38\\u6167\", \"\\u8d75\\u5fc3\\u60a6\", \"\\u6587\\u7eee\\u9896\"]"}}, {"model": "enroll.group", "pk": 13, "fields": {"name": "Jacqueline Chen", "leader": 10, "member": "[\"Jacqueline Chen\"]"}}, {"model": "enroll.group", "pk": 14, "fields": {"name": "MARSCAT", "leader": 14, "member": "[\"\\u80e1\\u949f\\u5143\", \"\\u5f20\\u4e00\\u9e23\"]"}}, {"model": "enroll.group", "pk": 15, "fields": {"name": "RAR城元宇宙-文化组", "leader": 16, "member": "[\"\\u5f20\\u6155\\u8d22\", \"\\u9648\\u4e50\\u6052\"]"}}, {"model": "enroll.group", "pk": 16, "fields": {"name": "可持续时尚气氛组", "leader": 18, "member": "[\"\\u5f20\\u6da6\\u82b1\", \"\\u5362\\u65ed\", \"\\u9648\\u4f73\\u6021\", \"\\u59da\\u5955\\u6b23\", \"\\u7a0b\\u7476\"]"}}, {"model": "enroll.group", "pk": 17, "fields": {"name": "人工智能艺术品价值判断", "leader": 24, "member": "[\"\\u675c\\u6728\\u745e\", \"\\u5f20\\u8fbe\"]"}}, {"model": "enroll.group", "pk": 18, "fields": {"name": "可持续时尚第6组", "leader": 26, "member": "[\"\\u8d6b\\u7136\", \"\\u5ed6\\u4e00\\u83f2\", \"\\u91d1\\u8339\\u753b\"]"}}, {"model": "enroll.group", "pk": 19, "fields": {"name": "sl:Co-Mint小队", "leader": 29, "member": "[\"\\u9648\\u96ea\\u513f\", \"\\u5f20\\u66fc\"]"}}, {"model": "enroll.group", "pk": 20, "fields": {"name": "可持续时尚Group1", "leader": 12, "member": "[\"\\u7f2a\\u7eee\\u9633\", \"\\u5f20\\u96c5\\u83c1\", \"\\u6c5f\\u59ff\\u9896\"]"}}, {"model": "enroll.group", "pk": 21, "fields": {"name": "RAR城元宇宙：数字与商业", "leader": 32, "member": "[\"\\u8303\\u601d\\u7426\", \"\\u5f20\\u946b\", \"\\u848b\\u6c90\", \"\\u621a\\u81f4\\u8fdc\"]"}}, {"model": "enroll.group", "pk": 22, "fields": {"name": "MetaWeb", "leader": 36, "member": "[\"\\u738b\\u8005\\u9e4f\", \"\\u9646\\u5c27\"]"}}, {"model": "enroll.group", "pk": 23, "fields": {"name": "元宇宙教育组", "leader": 38, "member": "[\"\\u9646\\u5b50\\u6587\", \"\\u9648\\u747e\\u9704\", \"\\u674e\\u79b9\\u6167\", \"\\u8521\\u535a\\u6167\", \"\\u4faf\\u7eea\\u5f64\", \"\\u891a\\u521d\\u5bd2\"]"}}, {"model": "enroll.group", "pk": 24, "fields": {"name": "新能源三轮车组", "leader": 45, "member": "[\"\\u5c39\\u7855\", \"\\u5f90\\u827a\\u4e39\", \"\\u9ec4\\u4f73\\u6377\", \"\\u9b4f\\u6709\\u665f\"]"}}, {"model": "enroll.group", "pk": 25, "fields": {"name": "摩尔组", "leader": 49, "member": "[\"\\u53e4\\u5777\\u61ff\", \"\\u7f57\\u7476\", \"\\u9648\\u661f\\u73f2\"]"}}, {"model": "enroll.group", "pk": 26, "fields": {"name": "面向儿童的手机操作系统智能助手小组", "leader": 52, "member": "[\"\\u9648\\u707f\\u6770\", \"\\u674e\\u6b23\", \"\\u738b\\u65ed\\u5149\"]"}}, {"model": "enroll.group", "pk": 27, "fields": {"name": "基于王小慧艺术馆展览的实体与虚拟首饰设计", "leader": 55, "member": "[\"\\u9648\\u6cb3\\u6da6\", \"\\u987e\\u5929\\u6da6\", \"\\u51af\\u6cd7\\u8861\", \"\\u7530\\u6c81\\u950b\"]"}}, {"model": "enroll.group", "pk": 28, "fields": {"name": "黄舒婷+钟嘉欣：glamping", "leader": 59, "member": "[\"\\u9ec4\\u8212\\u5a77\", \"\\u949f\\u5609\\u6b23\"]"}}, {"model": "enroll.group", "pk": 29, "fields": {"name": "Web3.0第一组", "leader": 67, "member": "[\"\\u5f6d\\u6155\\u9065\"]"}}, {"model": "enroll.group", "pk": 30, "fields": {"name": "杨政昂", "leader": 61, "member": "[\"\\u6768\\u653f\\u6602\"]"}}, {"model": "enroll.group", "pk": 31, "fields": {"name": "RAR城元宇宙-数字与功能", "leader": 62, "member": "[\"\\u738b\\u6d69\\u6770\", \"\\u5434\\u96e8\\u851a\", \"\\u9ed1\\u9759\\u597d\", \"\\u66f9\\u7130\\u94d6\"]"}}, {"model": "enroll.group", "pk": 32, "fields": {"name": "露营场景下的新能源储能产品设计", "leader": 66, "member": "[\"\\u97e9\\u5578\"]"}}, {"model": "enroll.group", "pk": 33, "fields": {"name": "自拟组", "leader": 68, "member": "[\"\\u67cf\\u73a5\"]"}}, {"model": "enroll.group", "pk": 34, "fields": {"name": "Web3.0", "leader": 69, "member": "[\"\\u5434\\u9e4f\\u98de\"]"}}, {"model": "enroll.group", "pk": 35, "fields": {"name": "虚拟可持续时尚第五组", "leader": 70, "member": "[\"\\u5b8b\\u5fd7\\u8c6a\", \"\\u9b4f\\u7d2b\\u4e1c\\u6765\", \"\\u90dd\\u8d85\\u96c4\", \"\\u9ec4\\u5b50\\u6c85\"]"}}, {"model": "enroll.group", "pk": 36, "fields": {"name": "李佳诺组", "leader": 74, "member": "[\"\\u674e\\u4f73\\u8bfa\"]"}}, {"model": "enroll.group", "pk": 37, "fields": {"name": "王瑞贞组", "leader": 75, "member": "[\"\\u738b\\u745e\\u8d1e\"]"}}, {"model": "enroll.group", "pk": 38, "fields": {"name": "浦江森林公园", "leader": 76, "member": "[\"\\u90b5\\u91d1\\u946b\"]"}}, {"model": "enroll.product", "pk": 7, "fields": {"fromtype": 1, "name": "Business Strategy for Flexible Modular Living in Germany", "group": 11, "regional": "Nuremberg (Gostenhof), Germany", "point": "[\"11.058193\", \"49.447666\"]", "category": 6, "tags": "[\"Germany\", \"Box Community\", \"Modular Living\", \"Business Strategy\"]", "description": "This research project analyzes the business strategy of the Box Community in Germany. It answers the questions of why living should be newly defined, where can possible locations be found, what are different revenue streams, and how a resulting strategy could look like to realize the Box Community."}}, {"model": "enroll.product", "pk": 8, "fields": {"fromtype": 1, "name": "Bloom AUTO 生成式NFT车衣套装及体验设计", "group": 12, "regional": "四平路街道", "point": "[\"121.511978\", \"31.27659\"]", "category": 1, "tags": "[\"\\u8f66\\u8863\", \"nft\", \"\\u5143\\u5b87\\u5b99\"]", "description": "每位车主的车都是独一无二的。车承载着车主的追求、偏好，也体现着车主独特的生活状态与轨迹。正因为车主与车所相处的时间，让ta的车如此与众不同，仿若老友。正如世界上没有任何一株相同的植物，植物所蕴含的数字密码也暗含着它的独特谜语。我们将通过有趣的模型，解读用户的[个人及车辆]信息，转换为与用户相关联的专属生物密码，并在元宇宙中生成用户的专属虚拟车衣NFT，与用户一同为爱车赋予新的生命，并带来更多体验；在元宇宙中，我们打造像植物沟通一样自然的交互方式，独特的NFT社群能让车主感受到可持续的、返璞归真的新社交体验，并更好地与线下生活相结合，构建全新车友生态。"}}, {"model": "enroll.product", "pk": 9, "fields": {"fromtype": 1, "name": "Reflection on Box Community in Sao Paulo", "group": 13, "regional": "São Paulo", "point": "[\"-46.6334\", \"-23.5507\"]", "category": 1, "tags": "[]", "description": ""}}, {"model": "enroll.product", "pk": 10, "fields": {"fromtype": 1, "name": "WEB3.0背景下国内共享空间IP设计-MARSCAT", "group": 14, "regional": "同济大学(四平路校区)", "point": "[\"121.49752804983218\", \"31.28539599485083\"]", "category": 9, "tags": "[\"web3.0\"]", "description": "随着元宇宙的爆火，数字藏品/NFT内容被越来越多的人看到。而这其中自然而然就带动了IP内容的发展，火星猫IP以新锐白领和Z时代人群为主要的用户人群，从航空航天的角度出发，贴合航天文化并融入了潮玩元素和宠物元素。打造出了3套围绕火星主题的IP形象并通过其衍生品来实现MARSCAT价值的传递。让MARSCAT来自火星的slogan占据用户的心智。"}}, {"model": "enroll.product", "pk": 11, "fields": {"fromtype": 1, "name": "针对物质文化遗产的RAR解决方案研究——以同济大学四平路校区为例", "group": 15, "regional": "同济大学(四平路校区)", "point": "[\"121.49771331037454\", \"31.285395994706363\"]", "category": 4, "tags": "[]", "description": "根据调研，我们识别出了物质文化遗产传播中的一般痛点，并针对物质文化遗产的文化内涵传播痛点聚类归纳，进而提出了解决方案框架。框架将物质文化遗产传播痛点从符号传播的三个阶段进行了分类，分别为物质文化遗产本身信息、传播媒介、用户本身解读，而根据痛点类型和具体痛点的不同又可以采用RAR的的不同手段——文物/环境的展示与还原、文物/环境的营造与互动、文物/环境的修改与创造来解决。最终方案以同济大学四平路校区为例，运用框架提出了展现同济大学物质文化遗产及其背后同济精神的概念解决方案。"}}, {"model": "enroll.product", "pk": 12, "fields": {"fromtype": 1, "name": "光交互老人智慧卡设计", "group": 18, "regional": "杨浦区", "point": "[\"121.5216539027329\", \"31.261676571668236\"]", "category": 1, "tags": "[]", "description": "本项目设计光交互智慧老人卡，基于光交互技术，为老年人设计满足日常生活的便携式一卡通，促进数字无障碍适老化改造。结合落地性与功能性方面的考量，我们规划了基础版与高级版两个版本并预估定价。外形与硬件部分，制作了3d打印且屏幕可显示的智慧卡原型。软件部分，考虑到老人使用智能设备时存在的数字鸿沟，简化智慧卡每个功能的操作，同时配备子女端管理app，对双端进行功能设计与界面设计。"}}, {"model": "enroll.product", "pk": 13, "fields": {"fromtype": 1, "name": "共鸣（Co-Mint）", "group": 19, "regional": "同济大学(四平路校区)", "point": "[\"121.49752804983218\", \"31.28539599485083\"]", "category": 9, "tags": "[\"Web3.0\", \"Token\", \"\\u7ec4\\u7ec7\\u6fc0\\u52b1\"]", "description": "基于不同DAO的组织状态，开发一套可组合的、基于徽章（token）的、数字化的解决工具与服务流程。徽章组件包括活动徽章（事件徽章、角色徽章、成就徽章），活动徽章可以针对不同需求/场景进行组合并累计积分，积分将自动换算为身份徽章，身份徽章将表现不同权重给予参与者不同权益，该作品将通过可持续的徽章-积分系统帮助DAO进行组织激励与权益分配。"}}, {"model": "enroll.product", "pk": 14, "fields": {"fromtype": 1, "name": "人工智能艺术品价值判断", "group": 17, "regional": "同济大学(四平路校区)", "point": "[\"121.49752804983218\", \"31.28539599485083\"]", "category": 10, "tags": "[\"\\u4eba\\u5de5\\u667a\\u80fd\\u827a\\u672f\\u54c1\", \"\\u4ef7\\u503c\\u5224\\u65ad\"]", "description": "2022年是人工智能生成艺术的元年，各种风靡全球的艺术生成工具和拍卖场上的天价艺术品以前所未有的速度扩散到大众视野。在这场人工智能艺术运动中，大多数研究将目光放在技术更新。通过该课程，我们系统地回顾了生成艺术的技术发展史和艺术创作史，对生成艺术相关的多个议题展开的较为充分的文献阅读,制定了可行的人工智能艺术品的价值判断研究方案。本研究将针对人工智能艺术的价值判断问题开展系统研究，关注设计艺术品价值判断逻辑以及人工智能时代对于现有价值评判方法的影响，架构艺术金融属性模型和价值评估体系,关注新兴设计艺术主体形态所面临的伦理问题，重点对相关价值评价逻辑以及伦理判断逻辑进行修正。"}}, {"model": "enroll.product", "pk": 15, "fields": {"fromtype": 1, "name": "BUBBLE ME观展人格概念IP设计", "group": 20, "regional": "同济大学(四平路校区)", "point": "[\"121.49752804983218\", \"31.28539599485083\"]", "category": 1, "tags": "[\"\\u5143\\u5b87\\u5b99\", \"\\u770b\\u5c55\\u5316\\u8eab\", \"IP\\u5236\\u4f5c\", \"\\u865a\\u62dfIP\"]", "description": "作品将NFT、IP形象与看展式社交相联系，构建了名为Bubble Me的观展人格概念IP。结合性格、看展习惯、看展兴趣等关键要素，聚类产生“认真看展的内容考据党”、“百无聊赖的陪伴工具人”、“大胆开麦的意见领袖”和“极致浪漫的票圈吸睛者”四种观展人格形象。Bubble Me形象在标签化和个性化之间寻找着平衡点，下半部分使被定义的部分，配以标签化的服饰配饰。上半部分的眼睛与透明脑袋可根据用户喜好进行自定义。基于Bubble Me形象，制作了专属小程序，包含看展人格测试、Bubble Time虚拟互动体验、Bubble Show线上社群分享空间、NFT线上商城等功能。结合虚拟与现实，同步推进线上虚"}}, {"model": "enroll.product", "pk": 16, "fields": {"fromtype": 1, "name": "VIRTOUCH", "group": 16, "regional": "静安设计节", "point": "[\"121.43938949440576\", \"31.235041224785547\"]", "category": 10, "tags": "[\"\\u865a\\u5b9e\\u7ed3\\u5408\", \"\\u5c55\\u89c8\", \"\\u573a\\u57df\", \"\\u884c\\u661f\\u5f15\\u529b\"]", "description": "新的观展媒介、新的观展体验、新的观展纪念品、新的观展叙事，VirTouch。VirTouch将融合了具身交互的个性化首饰嵌入观展流程，提取指尖感应这一意象，选择以半截指套作为载体。即便观众无法触碰真实的作品，也能通过指套感受艺术的质感，感受创作的温度。通过触觉反馈的方式实现观众与展品间的实时对话与互动，由VirTouch记录下的观展动线、展品互动记录等数据被转译为生成式的计算程序，每一位观众在观展结束后都能够获取以行星为主题的、承载着自我观展经验的、独一无二的NFT作品。VirTouch，以虚实相生为关键词重塑展览引力场。"}}, {"model": "enroll.product", "pk": 17, "fields": {"fromtype": 1, "name": "世纪灵境", "group": 21, "regional": "世纪广场", "point": "[\"121.47518301082367\", \"31.237338782231333\"]", "category": 4, "tags": "[]", "description": "结合RAR城元宇宙商业价值生态的理论研究基础，我们依托上海南京路世纪广场元宇宙设计项目为蓝本，以验证我们提出的理论框架。南京路作为中华第一商业大街，融合了万国建筑群老上海的庄重、历史建筑与现代楼宇的交汇以及未来氛围的霓虹色彩，是对过去的庄重包容，对现代的极致演绎，对未来的先锋探索；世纪广场是南京路上最重要的开敞空间节点，它链接东西外滩，成为南京路的人流集散点，主体建筑以镜面为特点，脱胎于“上海”“海上”，向起源致敬。我们以“镜遇”为主题，通过7个章节故事线提供RAR多维度体验，以刺激南京路商业街消费、提升唤新老字号品牌，为游客提供一场过去、现在和未来交织的“多重宇宙”体验。"}}, {"model": "enroll.product", "pk": 18, "fields": {"fromtype": 1, "name": "META-WEB 元时空搜索引擎", "group": 22, "regional": "杨浦区", "point": "[\"121.5216539027329\", \"31.261676571668236\"]", "category": 2, "tags": "[]", "description": "设计建立同济大学的学生项目案例数据搜索引擎产品，通过将包含时间和空间数据的信息元以光点的形式，散布在四维虚拟数字地球画布之上，并通过定义时间轴搜索，打破原有搜索框架的信息层级弱、时空联系少、展现方式不全面的痛点。以易于交互和清晰可视化的方式展示学生作品，并创造基于未来的设计类分享聚合元宇宙平台。"}}, {"model": "enroll.product", "pk": 19, "fields": {"fromtype": 1, "name": "时空之岛元宇亩劳动教育系统", "group": 23, "regional": "上海市向明初级中学附属崇明区江帆中学", "point": "[\"121.43378236358643\", \"31.632176347673532\"]", "category": 5, "tags": "[\"\\u5143\\u5b87\\u5b99\\u6559\\u80b2\", \"\\u5143\\u5b87\\u5b99\\u82b1\\u56ed\"]", "description": "本项目在全育育人背景下，依托江帆中学屋顶智能种植农场，针对劳动课程中存在的吸引力不足、教学时间利用不充分、学生学习不深入三大痛点，设计线上线下相结合的元宇宙劳动教学系统。空间设计上，以时间为线索，设计三大主要空间：旧日回响空间中，学生可通过全息投影回溯植物的过去，以此为参考调整种植行为；同步幻境空间复制真实世界中的劳动场地，学生可随时随地登入元宇宙查看植物生长状况；未来之梦空间允许学生通过与虚拟装置交互了解植物的梦想，即植物成熟后在生产消费环节的用途。此外，我们设计了配套的植物拟人系统，通过为植物赋予人格、装扮等信息，增强学生与植物的情感联系，并通过梦想任务系统引导学生逐步深入地学习种植知识。"}}, {"model": "enroll.product", "pk": 20, "fields": {"fromtype": 1, "name": "小闪-针对年轻人摊位经济的新能源共享三轮车", "group": 24, "regional": "上海市", "point": "[\"121.46947894381701\", \"31.23194399924772\"]", "category": 8, "tags": "[\"\\u4e09\\u8f6e\\u8f66\", \"\\u5feb\\u95ea\", \"\\u5171\\u4eab\"]", "description": "小闪是一个精致小巧、可以轻便移动的可折叠展开的极致空间。通过模块化、定制化的方式让用户可以最大限度的布置自己的摊位。如三轮车尾部的操作台，可以进行模块化的更换，美食摊主可以换成饮食制作台、手工摊主可以换成手工操作台、销售摊主可以换成直播模块等；车尾底部除了作为基础的储物空间外，摊主可以根据实际需求拖挂附件。"}}, {"model": "enroll.product", "pk": 21, "fields": {"fromtype": 1, "name": " 基于摩尔IP的公园AR双人游戏设计", "group": 25, "regional": "杨浦区", "point": "[\"121.5216539027329\", \"31.261676571668236\"]", "category": 10, "tags": "[]", "description": "本作品为城市AR游戏设计，在元宇宙概念下探讨如何创造为人们创造与真实空间关联的游戏体验。作品利用摩尔带给玩家的社交价值和AR在元宇宙中的应用潜力鼓励大家到户外公园进行探索，以双人合作游戏促进线下社交，并为玩家带来沉浸式娱乐体验。游戏时长为30min-1小时，在游戏中两位玩家分别扮演小探险家（负责侦查宝藏地点）和农场学徒（负责挖掘宝藏），在公园的各个地点（水池、不同植被和标志建筑区域）中寻找培养植物所需的原料和克服生长障碍所需的道具，植物的成长值会随着两人的浇水、施肥、驱赶蝗虫等获得提升，经历从种子期到成长期的四个阶段。过程中，玩家不仅通过游戏培养了对彼此的信任，也发展出在公园中的新玩法新体验。"}}, {"model": "enroll.product", "pk": 22, "fields": {"fromtype": 1, "name": "面向儿童的手机操作系统智能助手", "group": 26, "regional": "同济大学(四平路校区)", "point": "[\"121.49752804983218\", \"31.28539599485083\"]", "category": 7, "tags": "[\"\\u865a\\u62df\\u4eba\", \"\\u513f\\u7ae5\"]", "description": "本课题以7-11岁的儿童为服务对象，打造了一款面向儿童的虚拟人，以基于儿童的风格偏好、教育目标与情绪特征进行设计，希望他能够成为陪伴儿童成长的“数字好友”。综合素质教育对孩子们的成长有重要作用，但由于现代工作生活节奏不断加快，在“双减”政策实施后，如何更好地进行综合素质教育在当下进一步受到重视。另一方面，元宇宙概念与实际运用的不断展开为儿童教育带来了新的契机，需要思考如何为孩子们提供一个适合他们的虚拟人、如何创造一个适合孩子们的元宇宙。综合孩子们的心理特点、教育目标、行为设计相关理论，我们采用与现实更为接近的拟物化风格，为孩子们创造一个属于他们的“数字好友”，创造一个属于他们的元宇宙平台。"}}, {"model": "enroll.product", "pk": 23, "fields": {"fromtype": 1, "name": "_器", "group": 27, "regional": "上海市", "point": "[\"121.46947894381701\", \"31.23194399924772\"]", "category": 1, "tags": "[]", "description": "当用户将现实的行为通过虚拟数据传输到赛博世界时，也在赛博世界构筑了新的化身。\n_器正是基于这一现象构筑的首饰。引“容器”的“器”字，并在前面预留出一条横线，以留白的形式来意指作品留有空间待填充，而填充的内容则由每个参与者进行完成。\n器同时也指器官，用户将数据引入四个器官，以雕琢生长为“魂”、“韵”、“骨”、“肉”四个元件，最终成套成为器·人，来表达“三生万物”的生命集结、生长、演化的哲思。"}}, {"model": "enroll.product", "pk": 24, "fields": {"fromtype": 1, "name": "glamping : 你的智能露营管家", "group": 28, "regional": "杨浦区", "point": "[\"121.5216539027329\", \"31.261676571668236\"]", "category": 6, "tags": "[]", "description": "本项目针对市面上现有的操作繁杂内容繁多的露营种草攻略和用户露营选择困难等问题，进行了智能出行场景下的露营体验优化，把核心用户放在拓展智能出行下的露营新手、下沉市场以及新年轻用户；根据这些用户的需求降低决策难度，并且将车与露营场景化，延伸出更多被大家喜欢的联名生活产品；同时在品牌侧，强化种草的概念，建立社群方式；通过设计，降低用户露营的消费决策成本，并且更好的辅助商家进行场景化服务，增加用户粘性，提高用户留存；在露营前通过汽车订阅&内容平台的宣传，通过H5的方式让用户进行简单种草、预定，完成品牌心智的建立；在到达露营地展开活动之前，进行AR游戏，学习露营知识，了解露营装备，有趣的完成露营前期的准"}}, {"model": "enroll.product", "pk": 25, "fields": {"fromtype": 1, "name": "Web3.0背景下国内共享空间IP设计", "group": 29, "regional": "含舍共享智能空间(五四广场店)", "point": "[\"120.37460198851039\", \"36.063345031462575\"]", "category": 9, "tags": "[]", "description": "本次作品关注了web3.0、区块链、智能合约及相关前沿技术领域，结合环境设计学科背景，选择共享空间作为研究的出发点。重点探索了不同学科领域下共享空间的定义、现状和问题，以及在现有条件下，web3.0技术在共享空间这一商业模式下的赋能切入点以及应用方向。期待本次交叉领域的研究能够推动共享空间准确学术定义的建立。\n本次作品运用桌面和实际调研、相关领域论文研究；蓝海战略、市占曲线等商业模型，深入分析商业模式的价值闭环，明确通过“高中低”三步走战略、KOL牵头的粉丝经济打造IP价值。\n本次作品最终呈现形式是IP的UI设计、环境设计。\n"}}, {"model": "enroll.product", "pk": 26, "fields": {"fromtype": 1, "name": "Window Design of New Energy Building", "group": 30, "regional": "上海市", "point": "[\"121.46947894381701\", \"31.23194399924772\"]", "category": 3, "tags": "[]", "description": ""}}, {"model": "enroll.product", "pk": 27, "fields": {"fromtype": 1, "name": "视觉障碍人群校园活动RAR设计应用研究", "group": 31, "regional": "同济大学(四平路校区)", "point": "[\"121.49752804983218\", \"31.28539599485083\"]", "category": 4, "tags": "[]", "description": ""}}, {"model": "enroll.product", "pk": 28, "fields": {"fromtype": 1, "name": "KAZE模块化便携电源", "group": 32, "regional": "同济大学(四平路校区)", "point": "[\"121.49752804983218\", \"31.28539599485083\"]", "category": 6, "tags": "[]", "description": ""}}, {"model": "enroll.product", "pk": 29, "fields": {"fromtype": 1, "name": "Rhythm Racer——针对智能座舱设计的多模态互动VR音游", "group": 33, "regional": "南山区", "point": "[\"113.92514061178404\", \"22.535834955817702\"]", "category": 10, "tags": "[\"\\u667a\\u80fd\\u5ea7\\u8231\", \"VR\", \"\\u97f3\\u6e38\"]", "description": "Rhythm Racer是一款针对智能座舱设计的车载多模态互动VR音游，针对中青年车主“车内半小时”场景，以音乐为桥梁，通过轻松短时的游戏节奏和紧张刺激的节奏敲击感和基于位置的轻对战模式，将车内方向盘、操纵杆、踏板等硬件变为游戏外设，发挥车内载体优势，调动全感官放松，在创新音游交互形式的同时赋予玩家虚实结合的沉浸感，帮助玩家释放压力，做回自我。"}}, {"model": "enroll.product", "pk": 30, "fields": {"fromtype": 1, "name": "AI绘画商业模式探索", "group": 34, "regional": "同济大学(四平路校区)", "point": "[\"121.49752804983218\", \"31.28539599485083\"]", "category": 9, "tags": "[\"web3.0\"]", "description": "基于Midjourney进行艺术品创作，并设计品牌《Endless Dragon》，通过人机共创的方式，引导用户参与，赋予创作品价值，"}}, {"model": "enroll.product", "pk": 31, "fields": {"fromtype": 2, "name": "港珠澳大桥", "group": 33, "regional": "珠海市", "point": "[\"113.57096200080763\", \"22.273910417703938\"]", "category": 10, "tags": "[]", "description": "港珠澳大桥是中国境内一座连接香港、广东珠海和澳门的桥隧工程，位于中国广东省珠江口伶仃洋海域内，为珠江三角洲地区环线高速公路南环段。港珠澳大桥总体设计理念包括战略性、创新性、功能性、安全性、环保性、文化性和景观性几个方面。"}}, {"model": "enroll.product", "pk": 32, "fields": {"fromtype": 2, "name": "矮寨大桥", "group": 33, "regional": "湘西土家族苗族自治州", "point": "[\"109.73427115755523\", \"28.315085710629706\"]", "category": 10, "tags": "[]", "description": "矮寨大桥，是中国湖南省湘西土家族苗族自治州境内的高速通道，位于德夯大峡谷之上，是吉首市西北部公路的构成部分，也是包头—茂名高速公路（国家高速G65）关键控制性工程。矮寨大桥西起坡头隧道，上跨德夯大峡谷，东至矮寨三号隧道；线路全长1779米，主桥全长1414米；桥面为双向四车道高速公路，设计速度80千米/小时。"}}, {"model": "enroll.product", "pk": 33, "fields": {"fromtype": 2, "name": "杭州湾大桥", "group": 33, "regional": "嘉兴市", "point": "[\"120.75267758896338\", \"30.74739727550522\"]", "category": 10, "tags": "[]", "description": "杭州湾跨海大桥，是中国浙江省境内连接嘉兴市和宁波市的跨海大桥，位于杭州湾海域之上，是沈阳—海口高速公路（国家高速G15）组成部分之一，也是浙江省东北部的城市快速路重要构成部分。大桥北起嘉兴市海盐枢纽，上跨杭州湾海域，南至宁波市庵东枢纽立交；线路全长36千米，桥梁总长35.7千米，桥面为双向六车道高速公路，设计速度100千米/小时。"}}, {"model": "enroll.product", "pk": 34, "fields": {"fromtype": 2, "name": "厦门智慧码头", "group": 33, "regional": "厦门市", "point": "[\"118.08502184952654\", \"24.481744598514922\"]", "category": 10, "tags": "[]", "description": "从17世纪开始，厦门港就作为郑成功“海上五商”的中心，通达吕宋以及南洋各地。今天，厦门港则在全新的数字经济时代书写“丝路海运”的全新篇章。这其中，海润智能化集装箱码头，作为智能化改造的传统集装箱码头，在5G改造应用历史中写下了浓墨重彩的一笔，令古老的航运散发出智慧的光芒。"}}, {"model": "enroll.product", "pk": 35, "fields": {"fromtype": 2, "name": "北京国家体育场-鸟巢", "group": 33, "regional": "北京市", "point": "[\"116.40076168613271\", \"39.90319164079913\"]", "category": 10, "tags": "[]", "description": "国家体育场，位于北京奥林匹克公园中心区南部，为2008年北京奥运会的主体育场，占地20.4万平米 ，建筑面积25.8万平方米，可容纳观众9.1万人。举行了奥运会、残奥会开闭幕式、田径比赛及足球比赛决赛。奥运会后成为北京市民参与体育活动及享受体育娱乐的大型专业场所，并成为地标性的体育建筑和奥运遗产。"}}, {"model": "enroll.product", "pk": 36, "fields": {"fromtype": 2, "name": "蓝鲸2号深水钻井平台", "group": 33, "regional": "烟台市", "point": "[\"121.44279550837099\", \"37.46273048663068\"]", "category": 10, "tags": "[]", "description": "“蓝鲸2号”是半潜式钻井平台，由中集来福士设计建造，平台长117米，宽92.7米，高118米，最大作业水深3658米，最大钻井深度15250米，自重4.4万吨，可抵御15级以上的飓风，可在全球95%的海域作业。"}}, {"model": "enroll.product", "pk": 37, "fields": {"fromtype": 2, "name": "天宫空间站", "group": 33, "regional": "南太平洋", "point": "[\"226.40731664424203\", \"-15.418420402081509\"]", "category": 10, "tags": "[]", "description": "中国空间站是中华人民共和国建设中的一个空间站系统，预计在2022年前后建成。空间站轨道高度为400~450公里，倾角42~43度，设计寿命为10年，长期驻留3人，总重量可达180吨，以进行较大规模的空间应用。1992年，中国政府就制定了载人航天工程“三步走”发展战略，建成空间站是发展战略的重要目标。"}}, {"model": "enroll.product", "pk": 38, "fields": {"fromtype": 2, "name": "中国上海", "group": 33, "regional": "上海市", "point": "[\"121.46947894381701\", \"31.23194399924772\"]", "category": 10, "tags": "[]", "description": "回到上海，回到未来都市，“元宇宙”场景中我们可以尽情畅享未来，这里是梦开始的地方。"}}, {"model": "enroll.product", "pk": 39, "fields": {"fromtype": 1, "name": "Wearable x Metaverse Creature(可穿戴x元宇宙生物)", "group": 35, "regional": "同济大学(四平路校区)", "point": "[\"121.49752804983218\", \"31.28539599485083\"]", "category": 1, "tags": "[\"\\u97f3\\u4e50\\u8282\"]", "description": "在元宇宙中，我们愿意相信，并非只有有机体能够界定生命。音 乐的韵律，听者与音乐产生的精神上的共鸣，都能在元宇宙中作 为一种滋养万物的力量源泉。因此，我们将虚拟首饰的设计基于 「元宇宙生物」这个概念。这些在元宇宙中浮游的生物会根据环 境的音乐以及听众的生理信号，变换它们的形态和发光频率，最 终聚集成可穿戴首饰，与人类生命共生。"}}, {"model": "enroll.product", "pk": 40, "fields": {"fromtype": 1, "name": "实时协同编程", "group": 36, "regional": "同济大学(四平路校区)", "point": "[\"121.49752804983218\", \"31.28539599485083\"]", "category": 10, "tags": "[]", "description": "软件开发本身具有复杂性、不可见性、可变性以及一致性，使得软件开发的过程变得难以控制，而团队为了适应系统需求的变更、高效地响应变化、按时在预算内可靠地交付，团队成员之间通常需要紧密地协同合作，尤其是在软件开发的编码、测试阶段，更加依赖协同合作。正因如此，协同编程开始兴起。实时协同编程可以让一组程序员可以在同一时刻查看或者编辑同一项目中的代码文件，并且编辑的内容能够即刻反馈给所有的实时协作者，适合结对编程"}}, {"model": "enroll.product", "pk": 41, "fields": {"fromtype": 2, "name": "福州江滨公园", "group": 33, "regional": "福州市", "point": "[\"119.2921994227094\", \"26.0772959370531\"]", "category": 10, "tags": "[]", "description": "2022年7月22日晚，以 “福元宇宙”为主题的数字交互之夜点亮了第五届数字中国建设峰会。本次2022第五届数字中国建设峰会开幕日数字交互之夜，是由同济大学吴志强院士带领的团队和福州市勘测院有限公司联手，以吴志强院士所提出的“福元宇宙是基于人人都可构筑的愿景”为核心思想，在福州闽江两岸以及海峡国际会展岛展开的一次“R真实场景+AR技术”沉浸式演绎秀。"}}, {"model": "enroll.product", "pk": 42, "fields": {"fromtype": 2, "name": "浙江台州黄岩官河水街", "group": 33, "regional": "台州市", "point": "[\"121.41656921111067\", \"28.658951044400073\"]", "category": 10, "tags": "[]", "description": "2022年11月  “黄岩宋韵”文化新地标，结合“元宇宙”技术，将官河水街打造成全国第一条户外数字经济元宇宙街区，推进全国首条“食、玩、赏、学”为主线的特色街区建设。"}}, {"model": "enroll.product", "pk": 43, "fields": {"fromtype": 1, "name": " 基于社群经济的社交空间产品服务体系设计", "group": 37, "regional": "同济大学(四平路校区)", "point": "[\"121.49752804983218\", \"31.28539599485083\"]", "category": 10, "tags": "[]", "description": "这个是一个针对社群线下活动设计的新能源模块化天幕，主要解决各个品牌针对自己私域客户的线下运营和品牌营销的痛点，该模块化天幕由全国的运营商投放在全国各地绿地上面，社群可以根据自己的需要进行服务预定，并且可以在全国进行线下社群活动。"}}, {"model": "enroll.product", "pk": 44, "fields": {"fromtype": 2, "name": "杭州奥林匹克体育中心", "group": 33, "regional": "杭州市奥林匹克体育中心", "point": "[\"120.22412077291969\", \"30.231352358457663\"]", "category": 10, "tags": "[]", "description": "杭州2022年第19届亚运会（The 19th Asian Games Hangzhou 2022），简称“杭州2022年亚运会”，将在中国浙江杭州举行，原定于2022年9月10日至25日举办；2022年7月19日亚奥理事会宣布将于2023年9月23日至10月8日举办。杭州2022年亚运会以“中国新时代·杭州新亚运”为定位、“中国特色、浙江风采、杭州韵味、精彩纷呈”为目标，秉持“绿色、智能、节俭、文明”的办会理念，坚持“以杭州为主，全省共享”的办赛原则  "}}, {"model": "enroll.product", "pk": 45, "fields": {"fromtype": 2, "name": "浦江森林公园", "group": 38, "regional": "浦江森林公园", "point": "[\"121.51305540555364\", \"31.049286678360613\"]", "category": 10, "tags": "[]", "description": ""}}, {"model": "enroll.content", "pk": 12, "fields": {"product": 7, "stage": "mid", "date": "2022-10-15T18:00:00", "album": "[{\"url\": \"https://metaweb-1254980686.cos.ap-shanghai.myqcloud.com/0cd9b1660971fdf8b3e6622f66418b09_2022-10-28 Mid-Term - Manuel Sauer - 2293540.png\", \"name\": \"0cd9b1660971fdf8b3e6622f66418b09_2022-10-28 Mid-Term - Manuel Sauer - 2293540.png\"}]", "images": "[{\"url\": \"https://metaweb-1254980686.cos.ap-shanghai.myqcloud.com/8b0a097a3bd8818c3672062268b5f8eb_2022-10-28 Mid-Term - Manuel Sauer - 2293540.png\", \"name\": \"8b0a097a3bd8818c3672062268b5f8eb_2022-10-28 Mid-Term - Manuel Sauer - 2293540.png\"}]", "video": null, "model": null, "slide": null, "pdf": null}}, {"model": "enroll.content", "pk": 13, "fields": {"product": 7, "stage": "end", "date": "2022-12-19T02:00:00", "album": "[{\"url\": \"https://metaweb-1254980686.cos.ap-shanghai.myqcloud.com/61236a14305c23f3bf66419629ed21fa_2022-12-16 Final - Manuel Sauer - 2293540.png\", \"name\": \"61236a14305c23f3bf66419629ed21fa_2022-12-16 Final - Manuel Sauer - 2293540.png\"}]", "images": "[{\"url\": \"https://metaweb-1254980686.cos.ap-shanghai.myqcloud.com/61236a14305c23f3bf66419629ed21fa_2022-12-16 Final - Manuel Sauer - 2293540.png\", \"name\": \"61236a14305c23f3bf66419629ed21fa_2022-12-16 Final - Manuel Sauer - 2293540.png\"}]", "video": "[{\"url\": \"https://metaweb-1254980686.cos.ap-shanghai.myqcloud.com/55c1486671ca5cfe4c8811632595684b_2022-12-16 Video Final Presentation - Business Strategy for Flexible Modular Living in Germany - Manuel Sauer - Student Nr. 2293540.mp4\", \"name\": \"55c1486671ca5cfe4c8811632595684b_2022-12-16 Video Final Presentation - Business Strategy for Flexible Modular Living in Germany - Manuel Sauer - Student Nr. 2293540.mp4\"}]", "model": "[{\"url\": \"https://metaweb-1254980686.cos.ap-shanghai.myqcloud.com/988109f96f40b4475027f0b11340f5b7_2022-12-16 Literature & Resources Final Presentation - Business Strategy for Flexible Modular Living in Germany - Manuel Sauer - Student Nr. 2293540.pdf\", \"name\": \"988109f96f40b4475027f0b11340f5b7_2022-12-16 Literature & Resources Final Presentation - Business Strategy for Flexible Modular Living in Germany - Manuel Sauer - Student Nr. 2293540.pdf\"}]", "slide": "[{\"url\": \"https://metaweb-1254980686.cos.ap-shanghai.myqcloud.com/714ef0a0a09eb48016599aa2386a22e5_2022-12-16 Final Presentation - Business Strategy for Flexible Modular Living in Germany - Manuel Sauer - Student Nr. 2293540.pptx\", \"name\": \"714ef0a0a09eb48016599aa2386a22e5_2022-12-16 Final Presentation - Business Strategy for Flexible Modular Living in Germany - Manuel Sauer - Student Nr. 2293540.pptx\"}]", "pdf": "[{\"url\": \"https://metaweb-1254980686.cos.ap-shanghai.myqcloud.com/67bdd9bf06d9a5435b87481a981a9f3f_2022-12-16 Final Presentation - Business Strategy for Flexible Modular Living in Germany - Manuel Sauer - Student Nr. 2293540.pdf\", \"name\": \"67bdd9bf06d9a5435b87481a981a9f3f_2022-12-16 Final Presentation - Business Strategy for Flexible Modular Living in Germany - Manuel Sauer - Student Nr. 2293540.pdf\"}]"}}, {"model": "enroll.content", "pk": 14, "fields": {"product": 8, "stage": "mid", "date": "2022-10-15T18:00:00", "album": "[{\"url\": \"https://metaweb-1254980686.cos.ap-shanghai.myqcloud.com/2cf3de83e2e90b6a843c68fec7b6718c_0\\u5c01\\u9762.jpg\", \"name\": \"2cf3de83e2e90b6a843c68fec7b6718c_0\\u5c01\\u9762.jpg\"}]", "images": "[{\"url\": \"https://metaweb-1254980686.cos.ap-shanghai.myqcloud.com/d813e5759f2dc45afdae7caeb790a26f_3.jpg\", \"name\": \"d813e5759f2dc45afdae7caeb790a26f_3.jpg\"}, {\"url\": \"https://metaweb-1254980686.cos.ap-shanghai.myqcloud.com/3743d5fa63b85f89b62dfd0bf3365e7d_1.jpg\", \"name\": \"3743d5fa63b85f89b62dfd0bf3365e7d_1.jpg\"}, {\"url\": \"https://metaweb-1254980686.cos.ap-shanghai.myqcloud.com/3ec1eb8e009313144eef88ec1af6d972_2.jpg\", \"name\": \"3ec1eb8e009313144eef88ec1af6d972_2.jpg\"}, {\"url\": \"https://metaweb-1254980686.cos.ap-shanghai.myqcloud.com/4b7ae47edd48c146047404a2a81b9715_4.jpg\", \"name\": \"4b7ae47edd48c146047404a2a81b9715_4.jpg\"}]", "video": null, "model": null, "slide": null, "pdf": null}}, {"model": "enroll.content", "pk": 15, "fields": {"product": 8, "stage": "end", "date": "2022-12-19T02:00:00", "album": "[{\"url\": \"https://metaweb-1254980686.cos.ap-shanghai.myqcloud.com/7c47d5c9453cfc7ad4658883b1900f7a_0\\u5c01\\u9762.jpg\", \"name\": \"7c47d5c9453cfc7ad4658883b1900f7a_0\\u5c01\\u9762.jpg\"}]", "images": "[{\"url\": \"https://metaweb-1254980686.cos.ap-shanghai.myqcloud.com/7e849f0b3af5ca632b6c1dfb9902c385_1.jpg\", \"name\": \"7e849f0b3af5ca632b6c1dfb9902c385_1.jpg\"}, {\"url\": \"https://metaweb-1254980686.cos.ap-shanghai.myqcloud.com/9c39cca9c56477bee49b07cc0683a4f4_4.jpg\", \"name\": \"9c39cca9c56477bee49b07cc0683a4f4_4.jpg\"}, {\"url\": \"https://metaweb-1254980686.cos.ap-shanghai.myqcloud.com/6cd1c227ccc97afbb529d2afdccea0ef_2.jpg\", \"name\": \"6cd1c227ccc97afbb529d2afdccea0ef_2.jpg\"}, {\"url\": \"https://metaweb-1254980686.cos.ap-shanghai.myqcloud.com/ce3a305af6e8c85b83b8db56cc6e5a77_5.jpg\", \"name\": \"ce3a305af6e8c85b83b8db56cc6e5a77_5.jpg\"}, {\"url\": \"https://metaweb-1254980686.cos.ap-shanghai.myqcloud.com/952cb93701f76061296c2c1ace17a64b_6.jpg\", \"name\": \"952cb93701f76061296c2c1ace17a64b_6.jpg\"}, {\"url\": \"https://metaweb-1254980686.cos.ap-shanghai.myqcloud.com/181fa6e63d4a553491b7b85b6bed51e1_3.jpg\", \"name\": \"181fa6e63d4a553491b7b85b6bed51e1_3.jpg\"}]", "video": "[{\"url\": \"https://metaweb-1254980686.cos.ap-shanghai.myqcloud.com/fd385b187a02ded26216cfe6fe7e0489_12\\u670817\\u65e5.mp4\", \"name\": \"fd385b187a02ded26216cfe6fe7e0489_12\\u670817\\u65e5.mp4\"}, {\"url\": \"https://metaweb-1254980686.cos.ap-shanghai.myqcloud.com/fd385b187a02ded26216cfe6fe7e0489_bloom_auto.mp4\", \"name\": \"fd385b187a02ded26216cfe6fe7e0489_bloom_auto.mp4\"}]", "model": "[]", "slide": "[{\"url\": \"https://metaweb-1254980686.cos.ap-shanghai.myqcloud.com/1fcdbaaef62031c5b632fa18f9c2cd0a_NFT\\u8f66\\u8863.pptx\", \"name\": \"1fcdbaaef62031c5b632fa18f9c2cd0a_NFT\\u8f66\\u8863.pptx\"}]", "pdf": "[{\"url\": \"https://metaweb-1254980686.cos.ap-shanghai.myqcloud.com/a1b86bbc0956e93f7a86b9ba25339515_bloom_auto.pdf\", \"name\": \"a1b86bbc0956e93f7a86b9ba25339515_bloom_auto.pdf\"}]"}}, {"model": "enroll.content", "pk": 16, "fields": {"product": 9, "stage": "mid", "date": "2022-10-15T18:00:00", "album": "[{\"url\": \"https://metaweb-1254980686.cos.ap-shanghai.myqcloud.com/2850ba91f2796a67760b20ca8731d503_mid jacqueline_cover.png\", \"name\": \"2850ba91f2796a67760b20ca8731d503_mid jacqueline_cover.png\"}]", "images": "[{\"url\": \"https://metaweb-1254980686.cos.ap-shanghai.myqcloud.com/d5f8831706ce2bda9100f04fa012d273_mid jacqueline_pre 2.png\", \"name\": \"d5f8831706ce2bda9100f04fa012d273_mid jacqueline_pre 2.png\"}, {\"url\": \"https://metaweb-1254980686.cos.ap-shanghai.myqcloud.com/1fcc30c2b75ae5962136301c61804923_mid jacqueline_pre 3.png\", \"name\": \"1fcc30c2b75ae5962136301c61804923_mid jacqueline_pre 3.png\"}, {\"url\": \"https://metaweb-1254980686.cos.ap-shanghai.myqcloud.com/ca88e67b48d3ad2bb8bc46fa9858f03c_mid jacqueline_pre 4.png\", \"name\": \"ca88e67b48d3ad2bb8bc46fa9858f03c_mid jacqueline_pre 4.png\"}, {\"url\": \"https://metaweb-1254980686.cos.ap-shanghai.myqcloud.com/0af29c44d723abc9885185b3e262e77c_mid jacqueline_pre 5.png\", \"name\": \"0af29c44d723abc9885185b3e262e77c_mid jacqueline_pre 5.png\"}, {\"url\": \"https://metaweb-1254980686.cos.ap-shanghai.myqcloud.com/ae503f6943449c7eac6f37b8dc5a676e_mid jacqueline_pre 6.png\", \"name\": \"ae503f6943449c7eac6f37b8dc5a676e_mid jacqueline_pre 6.png\"}, {\"url\": \"https://metaweb-1254980686.cos.ap-shanghai.myqcloud.com/f50d6af834cd998575881d4de82826c4_mid jacqueline_pre 7.png\", \"name\": \"f50d6af834cd998575881d4de82826c4_mid jacqueline_pre 7.png\"}, {\"url\": \"https://metaweb-1254980686.cos.ap-shanghai.myqcloud.com/403c7983e8c97c346008b3b161c3d736_mid jacqueline_pre 8.png\", \"name\": \"403c7983e8c97c346008b3b161c3d736_mid jacqueline_pre 8.png\"}]", "video": null, "model": null, "slide": null, "pdf": null}}, {"model": "enroll.content", "pk": 17, "fields": {"product": 9, "stage": "end", "date": "2022-12-19T02:00:00", "album": "[{\"url\": \"https://metaweb-1254980686.cos.ap-shanghai.myqcloud.com/2850ba91f2796a67760b20ca8731d503_mid jacqueline_cover.png\", \"name\": \"2850ba91f2796a67760b20ca8731d503_mid jacqueline_cover.png\"}]", "images": "[{\"url\": \"https://metaweb-1254980686.cos.ap-shanghai.myqcloud.com/b93b87cac2dafa87a97535938562c301_2_final pre.001.jpeg\", \"name\": \"b93b87cac2dafa87a97535938562c301_2_final pre.001.jpeg\"}, {\"url\": \"https://metaweb-1254980686.cos.ap-shanghai.myqcloud.com/c4629d6469836fa5c10037c4b25089a6_2_final pre.002.jpeg\", \"name\": \"c4629d6469836fa5c10037c4b25089a6_2_final pre.002.jpeg\"}, {\"url\": \"https://metaweb-1254980686.cos.ap-shanghai.myqcloud.com/0ff37fdebb37727f5d09a52b48e05416_2_final pre.003.jpeg\", \"name\": \"0ff37fdebb37727f5d09a52b48e05416_2_final pre.003.jpeg\"}, {\"url\": \"https://metaweb-1254980686.cos.ap-shanghai.myqcloud.com/4e3bd239db60d571daff9ef63c918ea9_2_final pre.004.jpeg\", \"name\": \"4e3bd239db60d571daff9ef63c918ea9_2_final pre.004.jpeg\"}, {\"url\": \"https://metaweb-1254980686.cos.ap-shanghai.myqcloud.com/606ff4d9e8c1a945f098c83e3d051957_2_final pre.005.jpeg\", \"name\": \"606ff4d9e8c1a945f098c83e3d051957_2_final pre.005.jpeg\"}, {\"url\": \"https://metaweb-1254980686.cos.ap-shanghai.myqcloud.com/cdeacfc68ff78660efa4d3f9a9e3551c_2_final pre.006.jpeg\", \"name\": \"cdeacfc68ff78660efa4d3f9a9e3551c_2_final pre.006.jpeg\"}, {\"url\": \"https://metaweb-1254980686.cos.ap-shanghai.myqcloud.com/91a58ac8d65fc1900ee4ac0e89e0cc3a_2_final pre.007.jpeg\", \"name\": \"91a58ac8d65fc1900ee4ac0e89e0cc3a_2_final pre.007.jpeg\"}, {\"url\": \"https://metaweb-1254980686.cos.ap-shanghai.myqcloud.com/8d27a717886724c16cb025cb87f99b52_2_final pre.008.jpeg\", \"name\": \"8d27a717886724c16cb025cb87f99b52_2_final pre.008.jpeg\"}]", "video": "[]", "model": "[]", "slide": "[]", "pdf": "[{\"url\": \"https://metaweb-1254980686.cos.ap-shanghai.myqcloud.com/f760faf6c7e36e1d21445c520317a1ef_final pdf_\\u9673\\u7f8e\\u829d Jacqueline.pdf\", \"name\": \"f760faf6c7e36e1d21445c520317a1ef_final pdf_\\u9673\\u7f8e\\u829d Jacqueline.pdf\"}]"}}, {"model": "enroll.content", "pk": 18, "fields": {"product": 10, "stage": "mid", "date": "2022-10-15T18:00:00", "album": "[{\"url\": \"https://metaweb-1254980686.cos.ap-shanghai.myqcloud.com/c8efd70929b568b3789ca4f300978d69_\\u672a\\u6807\\u9898-3_\\u753b\\u677f 1 \\u526f\\u672c 12.jpg\", \"name\": \"c8efd70929b568b3789ca4f300978d69_\\u672a\\u6807\\u9898-3_\\u753b\\u677f 1 \\u526f\\u672c 12.jpg\"}]", "images": "[{\"url\": \"https://metaweb-1254980686.cos.ap-shanghai.myqcloud.com/5841155fee602913f670f5f2ec8b7f77_\\u672a\\u6807\\u9898-3_\\u753b\\u677f 1 \\u526f\\u672c 13.jpg\", \"name\": \"5841155fee602913f670f5f2ec8b7f77_\\u672a\\u6807\\u9898-3_\\u753b\\u677f 1 \\u526f\\u672c 13.jpg\"}, {\"url\": \"https://metaweb-1254980686.cos.ap-shanghai.myqcloud.com/7a793ed11ccaaae13e4fce93b67a2197_\\u672a\\u6807\\u9898-3_\\u753b\\u677f 1 \\u526f\\u672c 14.jpg\", \"name\": \"7a793ed11ccaaae13e4fce93b67a2197_\\u672a\\u6807\\u9898-3_\\u753b\\u677f 1 \\u526f\\u672c 14.jpg\"}]", "video": null, "model": null, "slide": null, "pdf": null}}, {"model": "enroll.content", "pk": 19, "fields": {"product": 10, "stage": "end", "date": "2022-12-19T02:00:00", "album": "[{\"url\": \"https://metaweb-1254980686.cos.ap-shanghai.myqcloud.com/d8af763c4fdefc6219cecca64b031554_\\u672a\\u6807\\u9898-3_\\u753b\\u677f 1.jpg\", \"name\": \"d8af763c4fdefc6219cecca64b031554_\\u672a\\u6807\\u9898-3_\\u753b\\u677f 1.jpg\"}]", "images": "[{\"url\": \"https://metaweb-1254980686.cos.ap-shanghai.myqcloud.com/2e31af2dba82bfaf48ed3f87a702f248_\\u672a\\u6807\\u9898-3_\\u753b\\u677f 1 \\u526f\\u672c.jpg\", \"name\": \"2e31af2dba82bfaf48ed3f87a702f248_\\u672a\\u6807\\u9898-3_\\u753b\\u677f 1 \\u526f\\u672c.jpg\"}, {\"url\": \"https://metaweb-1254980686.cos.ap-shanghai.myqcloud.com/6fe5a26bfed5f54832c6040d9da2256e_\\u672a\\u6807\\u9898-3_\\u753b\\u677f 1 \\u526f\\u672c 11.jpg\", \"name\": \"6fe5a26bfed5f54832c6040d9da2256e_\\u672a\\u6807\\u9898-3_\\u753b\\u677f 1 \\u526f\\u672c 11.jpg\"}, {\"url\": \"https://metaweb-1254980686.cos.ap-shanghai.myqcloud.com/b4530fd80335eb82a3de3d338c88ab4e_\\u672a\\u6807\\u9898-3_\\u753b\\u677f 1 \\u526f\\u672c 10.jpg\", \"name\": \"b4530fd80335eb82a3de3d338c88ab4e_\\u672a\\u6807\\u9898-3_\\u753b\\u677f 1 \\u526f\\u672c 10.jpg\"}, {\"url\": \"https://metaweb-1254980686.cos.ap-shanghai.myqcloud.com/16ceb4d2aa6403d43e8c8d2ab2f326c9_\\u672a\\u6807\\u9898-3_\\u753b\\u677f 1 \\u526f\\u672c 8.jpg\", \"name\": \"16ceb4d2aa6403d43e8c8d2ab2f326c9_\\u672a\\u6807\\u9898-3_\\u753b\\u677f 1 \\u526f\\u672c 8.jpg\"}, {\"url\": \"https://metaweb-1254980686.cos.ap-shanghai.myqcloud.com/58a03f8cb2b894e91feeba3faf787610_\\u672a\\u6807\\u9898-3_\\u753b\\u677f 1 \\u526f\\u672c 7.jpg\", \"name\": \"58a03f8cb2b894e91feeba3faf787610_\\u672a\\u6807\\u9898-3_\\u753b\\u677f 1 \\u526f\\u672c 7.jpg\"}, {\"url\": \"https://metaweb-1254980686.cos.ap-shanghai.myqcloud.com/5cb684c1417e6938650184f3f7c0b7e6_\\u672a\\u6807\\u9898-3_\\u753b\\u677f 1 \\u526f\\u672c 6.jpg\", \"name\": \"5cb684c1417e6938650184f3f7c0b7e6_\\u672a\\u6807\\u9898-3_\\u753b\\u677f 1 \\u526f\\u672c 6.jpg\"}, {\"url\": \"https://metaweb-1254980686.cos.ap-shanghai.myqcloud.com/10ecde529a85c952697581dbbe2852e1_\\u672a\\u6807\\u9898-3_\\u753b\\u677f 1 \\u526f\\u672c 5.jpg\", \"name\": \"10ecde529a85c952697581dbbe2852e1_\\u672a\\u6807\\u9898-3_\\u753b\\u677f 1 \\u526f\\u672c 5.jpg\"}, {\"url\": \"https://metaweb-1254980686.cos.ap-shanghai.myqcloud.com/7f1460bea4c49ab61448bc6e0d575d4c_\\u672a\\u6807\\u9898-3_\\u753b\\u677f 1 \\u526f\\u672c 4.jpg\", \"name\": \"7f1460bea4c49ab61448bc6e0d575d4c_\\u672a\\u6807\\u9898-3_\\u753b\\u677f 1 \\u526f\\u672c 4.jpg\"}]", "video": "[]", "model": "[]", "slide": "[{\"url\": \"https://metaweb-1254980686.cos.ap-shanghai.myqcloud.com/b07743d7be01766caabfce45e151b671_\\u7b54\\u8fa9ppt.pptx\", \"name\": \"b07743d7be01766caabfce45e151b671_\\u7b54\\u8fa9ppt.pptx\"}]", "pdf": "[{\"url\": \"https://metaweb-1254980686.cos.ap-shanghai.myqcloud.com/b8495d7f9b2428d2cdad726795cc8c09_\\u7b54\\u8fa9ppt.pdf\", \"name\": \"b8495d7f9b2428d2cdad726795cc8c09_\\u7b54\\u8fa9ppt.pdf\"}]"}}, {"model": "enroll.content", "pk": 20, "fields": {"product": 11, "stage": "mid", "date": "2022-10-15T18:00:00", "album": "[{\"url\": \"https://metaweb-1254980686.cos.ap-shanghai.myqcloud.com/61f0894be23e024b6771efb7e5187294_\\u4e2d\\u671f-\\u5c01\\u9762.jpg\", \"name\": \"61f0894be23e024b6771efb7e5187294_\\u4e2d\\u671f-\\u5c01\\u9762.jpg\"}]", "images": "[{\"url\": \"https://metaweb-1254980686.cos.ap-shanghai.myqcloud.com/39ba3ec069af58ad678d7285d3f3f8af_\\u4e2d\\u671f3.jpg\", \"name\": \"39ba3ec069af58ad678d7285d3f3f8af_\\u4e2d\\u671f3.jpg\"}, {\"url\": \"https://metaweb-1254980686.cos.ap-shanghai.myqcloud.com/c8d996cbe516cfcf04011296197dfd61_\\u4e2d\\u671f1.jpg\", \"name\": \"c8d996cbe516cfcf04011296197dfd61_\\u4e2d\\u671f1.jpg\"}, {\"url\": \"https://metaweb-1254980686.cos.ap-shanghai.myqcloud.com/1244a94fa1aee07b069a77a2ced68686_\\u4e2d\\u671f2.jpg\", \"name\": \"1244a94fa1aee07b069a77a2ced68686_\\u4e2d\\u671f2.jpg\"}]", "video": null, "model": null, "slide": null, "pdf": null}}, {"model": "enroll.content", "pk": 21, "fields": {"product": 11, "stage": "end", "date": "2022-12-19T02:00:00", "album": "[{\"url\": \"https://metaweb-1254980686.cos.ap-shanghai.myqcloud.com/da472563cb4f9d52460ae340a8bad1b2_\\u7ec8\\u671f-\\u5c01\\u9762.jpg\", \"name\": \"da472563cb4f9d52460ae340a8bad1b2_\\u7ec8\\u671f-\\u5c01\\u9762.jpg\"}]", "images": "[{\"url\": \"https://metaweb-1254980686.cos.ap-shanghai.myqcloud.com/9afb44230325bae3ffe1830176d1385b_\\u7ec8\\u671f3.jpg\", \"name\": \"9afb44230325bae3ffe1830176d1385b_\\u7ec8\\u671f3.jpg\"}, {\"url\": \"https://metaweb-1254980686.cos.ap-shanghai.myqcloud.com/a356abbef6cec608d6ec896ceaf9b1b8_\\u7ec8\\u671f1.jpg\", \"name\": \"a356abbef6cec608d6ec896ceaf9b1b8_\\u7ec8\\u671f1.jpg\"}, {\"url\": \"https://metaweb-1254980686.cos.ap-shanghai.myqcloud.com/0789d61660afbd541b7b31ca253491c2_\\u7ec8\\u671f5.jpg\", \"name\": \"0789d61660afbd541b7b31ca253491c2_\\u7ec8\\u671f5.jpg\"}, {\"url\": \"https://metaweb-1254980686.cos.ap-shanghai.myqcloud.com/89036688c708fd7ddbfe0631583049a5_\\u7ec8\\u671f4.jpg\", \"name\": \"89036688c708fd7ddbfe0631583049a5_\\u7ec8\\u671f4.jpg\"}, {\"url\": \"https://metaweb-1254980686.cos.ap-shanghai.myqcloud.com/2c429babec9dc3264118bc479d6de0f4_\\u7ec8\\u671f2.jpg\", \"name\": \"2c429babec9dc3264118bc479d6de0f4_\\u7ec8\\u671f2.jpg\"}]", "video": "[{\"url\": \"https://metaweb-1254980686.cos.ap-shanghai.myqcloud.com/feef4a8db522b74b241b17b8b7132a48_\\u4f5c\\u54c1\\u89c6\\u9891.mp4\", \"name\": \"feef4a8db522b74b241b17b8b7132a48_\\u4f5c\\u54c1\\u89c6\\u9891.mp4\"}]", "model": "[]", "slide": "[{\"url\": \"https://metaweb-1254980686.cos.ap-shanghai.myqcloud.com/92630d62de5ab93da31eccca5282c73a_studio3\\u7ec8\\u671fPPT.pptx\", \"name\": \"92630d62de5ab93da31eccca5282c73a_studio3\\u7ec8\\u671fPPT.pptx\"}]", "pdf": "[{\"url\": \"https://metaweb-1254980686.cos.ap-shanghai.myqcloud.com/b6f642cca05143aa913a6b7a3c41d2d1_studio3\\u7ec8\\u671fPPT.pdf\", \"name\": \"b6f642cca05143aa913a6b7a3c41d2d1_studio3\\u7ec8\\u671fPPT.pdf\"}]"}}, {"model": "enroll.content", "pk": 22, "fields": {"product": 12, "stage": "mid", "date": "2022-10-15T18:00:00", "album": "[{\"url\": \"https://metaweb-1254980686.cos.ap-shanghai.myqcloud.com/89250f3dee304e3bf3ac65fe67645213_1\\u4e2d\\u671f\\u5c01\\u9762.png\", \"name\": \"89250f3dee304e3bf3ac65fe67645213_1\\u4e2d\\u671f\\u5c01\\u9762.png\"}]", "images": "[{\"url\": \"https://metaweb-1254980686.cos.ap-shanghai.myqcloud.com/0b19d53d8e42d1bd58158b5d99c74198_2\\u4f5c\\u54c1\\u56fe-1.png\", \"name\": \"0b19d53d8e42d1bd58158b5d99c74198_2\\u4f5c\\u54c1\\u56fe-1.png\"}, {\"url\": \"https://metaweb-1254980686.cos.ap-shanghai.myqcloud.com/88f9d959f372c211c7836d2db6b437e9_2\\u4f5c\\u54c1\\u56fe-2.png\", \"name\": \"88f9d959f372c211c7836d2db6b437e9_2\\u4f5c\\u54c1\\u56fe-2.png\"}]", "video": null, "model": null, "slide": null, "pdf": null}}, {"model": "enroll.content", "pk": 23, "fields": {"product": 12, "stage": "end", "date": "2022-12-19T02:00:00", "album": "[{\"url\": \"https://metaweb-1254980686.cos.ap-shanghai.myqcloud.com/b5ef1b8e1fed7f3ef763c978e8650039_1\\u5c01\\u9762\\u4e3b\\u56fe.png\", \"name\": \"b5ef1b8e1fed7f3ef763c978e8650039_1\\u5c01\\u9762\\u4e3b\\u56fe.png\"}]", "images": "[{\"url\": \"https://metaweb-1254980686.cos.ap-shanghai.myqcloud.com/4e3c364326d2d13542379596817be923_2\\u4f5c\\u54c1\\u56fe-2.png\", \"name\": \"4e3c364326d2d13542379596817be923_2\\u4f5c\\u54c1\\u56fe-2.png\"}, {\"url\": \"https://metaweb-1254980686.cos.ap-shanghai.myqcloud.com/c6dfde5afdf703ba2096a275e36c8ebd_2\\u4f5c\\u54c1\\u56fe-1.png\", \"name\": \"c6dfde5afdf703ba2096a275e36c8ebd_2\\u4f5c\\u54c1\\u56fe-1.png\"}, {\"url\": \"https://metaweb-1254980686.cos.ap-shanghai.myqcloud.com/7cd8e95c6018d06b51c1e692d48e8ea9_2\\u4f5c\\u54c1\\u56fe-3.png\", \"name\": \"7cd8e95c6018d06b51c1e692d48e8ea9_2\\u4f5c\\u54c1\\u56fe-3.png\"}]", "video": "[{\"url\": \"https://metaweb-1254980686.cos.ap-shanghai.myqcloud.com/aebfc30d5112bd94c4ca6b4513ee167c_3\\u4f5c\\u54c1\\u89c6\\u9891-\\u53ef\\u4ea4\\u4e92\\u865a\\u62df\\u539f\\u578b.mp4\", \"name\": \"aebfc30d5112bd94c4ca6b4513ee167c_3\\u4f5c\\u54c1\\u89c6\\u9891-\\u53ef\\u4ea4\\u4e92\\u865a\\u62df\\u539f\\u578b.mp4\"}, {\"url\": \"https://metaweb-1254980686.cos.ap-shanghai.myqcloud.com/ffd69f444a3f5ad274acdb00dffec1c5_3\\u4f5c\\u54c1\\u89c6\\u9891.mp4\", \"name\": \"ffd69f444a3f5ad274acdb00dffec1c5_3\\u4f5c\\u54c1\\u89c6\\u9891.mp4\"}]", "model": "[{\"url\": \"https://metaweb-1254980686.cos.ap-shanghai.myqcloud.com/674e521a3101ce59745852b9172eeff4_4\\u4f5c\\u54c1\\u6a21\\u578b.fbx\", \"name\": \"674e521a3101ce59745852b9172eeff4_4\\u4f5c\\u54c1\\u6a21\\u578b.fbx\"}]", "slide": "[]", "pdf": "[{\"url\": \"https://metaweb-1254980686.cos.ap-shanghai.myqcloud.com/74645ea3a2e0a7a39631dbf1f3fcd8f0_5&6\\u7ec8\\u671f\\u6c47\\u62a5ppt.pdf\", \"name\": \"74645ea3a2e0a7a39631dbf1f3fcd8f0_5&6\\u7ec8\\u671f\\u6c47\\u62a5ppt.pdf\"}]"}}, {"model": "enroll.content", "pk": 24, "fields": {"product": 13, "stage": "mid", "date": "2022-10-15T18:00:00", "album": "[{\"url\": \"https://metaweb-1254980686.cos.ap-shanghai.myqcloud.com/455ea7f365fda3ed6ce297e9e125e0f2_\\u4e3b\\u56fe\\u5171\\u9e23\\uff08Co-Mint\\uff09\\u4e2d\\u671f\\u6c47\\u62a5.jpg\", \"name\": \"455ea7f365fda3ed6ce297e9e125e0f2_\\u4e3b\\u56fe\\u5171\\u9e23\\uff08Co-Mint\\uff09\\u4e2d\\u671f\\u6c47\\u62a5.jpg\"}]", "images": "[{\"url\": \"https://metaweb-1254980686.cos.ap-shanghai.myqcloud.com/031368bbcb90268b5034db02bd96702a_\\u4f5c\\u54c1\\u56fe1\\u5171\\u9e23\\uff08Co-Mint\\uff09\\u4e2d\\u671f\\u6c47\\u62a5.jpg\", \"name\": \"031368bbcb90268b5034db02bd96702a_\\u4f5c\\u54c1\\u56fe1\\u5171\\u9e23\\uff08Co-Mint\\uff09\\u4e2d\\u671f\\u6c47\\u62a5.jpg\"}, {\"url\": \"https://metaweb-1254980686.cos.ap-shanghai.myqcloud.com/4b1621053750a7e4f368fa9a65b3dd90_\\u4f5c\\u54c1\\u56fe2\\u5171\\u9e23\\uff08Co-Mint\\uff09\\u4e2d\\u671f\\u6c47\\u62a5.jpg\", \"name\": \"4b1621053750a7e4f368fa9a65b3dd90_\\u4f5c\\u54c1\\u56fe2\\u5171\\u9e23\\uff08Co-Mint\\uff09\\u4e2d\\u671f\\u6c47\\u62a5.jpg\"}]", "video": null, "model": null, "slide": null, "pdf": null}}, {"model": "enroll.content", "pk": 25, "fields": {"product": 13, "stage": "end", "date": "2022-12-19T02:00:00", "album": "[{\"url\": \"https://metaweb-1254980686.cos.ap-shanghai.myqcloud.com/da6fe59eb5f97262772ab0a24f67969b_\\u4e3b\\u56fe\\u5171\\u9e23\\uff08Co-Mint\\uff09\\u7ec8\\u671f\\u6c47\\u62a5-\\u56fe\\u7247.jpg.jpg\", \"name\": \"da6fe59eb5f97262772ab0a24f67969b_\\u4e3b\\u56fe\\u5171\\u9e23\\uff08Co-Mint\\uff09\\u7ec8\\u671f\\u6c47\\u62a5-\\u56fe\\u7247.jpg.jpg\"}]", "images": "[{\"url\": \"https://metaweb-1254980686.cos.ap-shanghai.myqcloud.com/5d7ac313d6a8b203ca904253f402ebd6_\\u4f5c\\u54c1\\u56fe2\\u5171\\u9e23\\uff08Co-Mint\\uff09\\u7ec8\\u671f\\u6c47\\u62a5-\\u56fe\\u7247.jpg\", \"name\": \"5d7ac313d6a8b203ca904253f402ebd6_\\u4f5c\\u54c1\\u56fe2\\u5171\\u9e23\\uff08Co-Mint\\uff09\\u7ec8\\u671f\\u6c47\\u62a5-\\u56fe\\u7247.jpg\"}, {\"url\": \"https://metaweb-1254980686.cos.ap-shanghai.myqcloud.com/6005da5f2641ada364ad8b9cdc0f2122_\\u4f5c\\u54c1\\u56fe3\\u5171\\u9e23\\uff08Co-Mint\\uff09\\u7ec8\\u671f\\u6c47\\u62a5-\\u56fe\\u7247.jpg\", \"name\": \"6005da5f2641ada364ad8b9cdc0f2122_\\u4f5c\\u54c1\\u56fe3\\u5171\\u9e23\\uff08Co-Mint\\uff09\\u7ec8\\u671f\\u6c47\\u62a5-\\u56fe\\u7247.jpg\"}, {\"url\": \"https://metaweb-1254980686.cos.ap-shanghai.myqcloud.com/01b40aa82715ec2089e7a9042922b796_\\u4f5c\\u54c1\\u56fe1\\u5171\\u9e23\\uff08Co-Mint\\uff09\\u7ec8\\u671f\\u6c47\\u62a5-\\u56fe\\u7247.jpg\", \"name\": \"01b40aa82715ec2089e7a9042922b796_\\u4f5c\\u54c1\\u56fe1\\u5171\\u9e23\\uff08Co-Mint\\uff09\\u7ec8\\u671f\\u6c47\\u62a5-\\u56fe\\u7247.jpg\"}]", "video": "[{\"url\": \"https://metaweb-1254980686.cos.ap-shanghai.myqcloud.com/5f8c7934a6c90db09dd28e069725c1ea_\\u5171\\u9e23\\uff08Co-Mint\\uff09.mp4\", \"name\": \"5f8c7934a6c90db09dd28e069725c1ea_\\u5171\\u9e23\\uff08Co-Mint\\uff09.mp4\"}]", "model": "[]", "slide": "[{\"url\": \"https://metaweb-1254980686.cos.ap-shanghai.myqcloud.com/30f699f94b2de26b2da42786d0b595db_\\u5171\\u9e23\\uff08Co-Mint\\uff09\\u7ec8\\u671f\\u6c47\\u62a5.pptx\", \"name\": \"30f699f94b2de26b2da42786d0b595db_\\u5171\\u9e23\\uff08Co-Mint\\uff09\\u7ec8\\u671f\\u6c47\\u62a5.pptx\"}]", "pdf": "[{\"url\": \"https://metaweb-1254980686.cos.ap-shanghai.myqcloud.com/73b55c54f087d1a776f12da7c7940f8d_\\u5171\\u9e23\\uff08Co-Mint\\uff09\\u7ec8\\u671f\\u6c47\\u62a5.pdf\", \"name\": \"73b55c54f087d1a776f12da7c7940f8d_\\u5171\\u9e23\\uff08Co-Mint\\uff09\\u7ec8\\u671f\\u6c47\\u62a5.pdf\"}]"}}, {"model": "enroll.content", "pk": 26, "fields": {"product": 14, "stage": "mid", "date": "2022-10-15T18:00:00", "album": "[{\"url\": \"https://metaweb-1254980686.cos.ap-shanghai.myqcloud.com/abb9b1ce2730971b28b62dbed0028c91_\\u4e2d\\u671f\\u5c01\\u9762\\u4e3b\\u56fe.jpg\", \"name\": \"abb9b1ce2730971b28b62dbed0028c91_\\u4e2d\\u671f\\u5c01\\u9762\\u4e3b\\u56fe.jpg\"}]", "images": "[{\"url\": \"https://metaweb-1254980686.cos.ap-shanghai.myqcloud.com/0e3a5bf8ac13812eff6b3331d48323ff_\\u4e2d\\u671f\\u4f5c\\u54c1\\u56fe1.jpg\", \"name\": \"0e3a5bf8ac13812eff6b3331d48323ff_\\u4e2d\\u671f\\u4f5c\\u54c1\\u56fe1.jpg\"}, {\"url\": \"https://metaweb-1254980686.cos.ap-shanghai.myqcloud.com/8492a13b3c399c308dca2e0f482634c1_\\u4e2d\\u671f\\u4f5c\\u54c1\\u56fe2.jpg\", \"name\": \"8492a13b3c399c308dca2e0f482634c1_\\u4e2d\\u671f\\u4f5c\\u54c1\\u56fe2.jpg\"}]", "video": null, "model": null, "slide": null, "pdf": null}}, {"model": "enroll.content", "pk": 27, "fields": {"product": 14, "stage": "end", "date": "2022-12-19T02:00:00", "album": "[{\"url\": \"https://metaweb-1254980686.cos.ap-shanghai.myqcloud.com/3642a441810f95ea6298aee70aaa9d16_\\u7ec8\\u671f\\u5c01\\u9762\\u4e3b\\u56fe.jpg\", \"name\": \"3642a441810f95ea6298aee70aaa9d16_\\u7ec8\\u671f\\u5c01\\u9762\\u4e3b\\u56fe.jpg\"}]", "images": "[{\"url\": \"https://metaweb-1254980686.cos.ap-shanghai.myqcloud.com/86d2dd26a0463eff27399bc7f73e0d2c_\\u7ec8\\u671f\\u4f5c\\u54c1\\u56fe1.jpg\", \"name\": \"86d2dd26a0463eff27399bc7f73e0d2c_\\u7ec8\\u671f\\u4f5c\\u54c1\\u56fe1.jpg\"}, {\"url\": \"https://metaweb-1254980686.cos.ap-shanghai.myqcloud.com/e81c4d8d46069a0a1a392f74456284ee_\\u7ec8\\u671f\\u4f5c\\u54c1\\u56fe2.jpg\", \"name\": \"e81c4d8d46069a0a1a392f74456284ee_\\u7ec8\\u671f\\u4f5c\\u54c1\\u56fe2.jpg\"}]", "video": "[{\"url\": \"https://metaweb-1254980686.cos.ap-shanghai.myqcloud.com/92cfdc1dd2fc3258cd7f1b8892ec9454_\\u89c6\\u9891\\u6587\\u4ef6.mp4\", \"name\": \"92cfdc1dd2fc3258cd7f1b8892ec9454_\\u89c6\\u9891\\u6587\\u4ef6.mp4\"}]", "model": "[]", "slide": "[{\"url\": \"https://metaweb-1254980686.cos.ap-shanghai.myqcloud.com/61e8a07c40d56c90ab7b708cfc13b1f2_\\u7ec8\\u671f\\u6c47\\u62a5PPT.pptx\", \"name\": \"61e8a07c40d56c90ab7b708cfc13b1f2_\\u7ec8\\u671f\\u6c47\\u62a5PPT.pptx\"}]", "pdf": "[{\"url\": \"https://metaweb-1254980686.cos.ap-shanghai.myqcloud.com/29eb97575314288cb6296479675c9535_\\u7ec8\\u671f\\u6c47\\u62a5PDF.pdf\", \"name\": \"29eb97575314288cb6296479675c9535_\\u7ec8\\u671f\\u6c47\\u62a5PDF.pdf\"}]"}}, {"model": "enroll.content", "pk": 28, "fields": {"product": 15, "stage": "mid", "date": "2022-10-15T18:00:00", "album": "[{\"url\": \"https://metaweb-1254980686.cos.ap-shanghai.myqcloud.com/0d859c7204cfb0f7fb48453940349e77_\\u4e2d\\u671f\\u5c01\\u9762.png\", \"name\": \"0d859c7204cfb0f7fb48453940349e77_\\u4e2d\\u671f\\u5c01\\u9762.png\"}]", "images": "[{\"url\": \"https://metaweb-1254980686.cos.ap-shanghai.myqcloud.com/4d04c85a82ffeec450a1b3acfbe946b2_\\u4e2d\\u671f1.png\", \"name\": \"4d04c85a82ffeec450a1b3acfbe946b2_\\u4e2d\\u671f1.png\"}, {\"url\": \"https://metaweb-1254980686.cos.ap-shanghai.myqcloud.com/20b7a4b9e6ef453eb6fbd9250c21d644_\\u4e2d\\u671f2.png\", \"name\": \"20b7a4b9e6ef453eb6fbd9250c21d644_\\u4e2d\\u671f2.png\"}]", "video": null, "model": null, "slide": null, "pdf": null}}, {"model": "enroll.content", "pk": 29, "fields": {"product": 15, "stage": "end", "date": "2022-12-19T02:00:00", "album": "[{\"url\": \"https://metaweb-1254980686.cos.ap-shanghai.myqcloud.com/6abd075dbe7cd097d8f11aaf1a344b99_\\u7ec8\\u671f\\u5c01\\u9762.png\", \"name\": \"6abd075dbe7cd097d8f11aaf1a344b99_\\u7ec8\\u671f\\u5c01\\u9762.png\"}]", "images": "[{\"url\": \"https://metaweb-1254980686.cos.ap-shanghai.myqcloud.com/21696dd4e3cadb1cd0d06d7c9884acb1_\\u7ec8\\u671f1.png\", \"name\": \"21696dd4e3cadb1cd0d06d7c9884acb1_\\u7ec8\\u671f1.png\"}, {\"url\": \"https://metaweb-1254980686.cos.ap-shanghai.myqcloud.com/57147ecc96eb5926ffc8f6397b8edfbf_\\u7ec8\\u671f3.png\", \"name\": \"57147ecc96eb5926ffc8f6397b8edfbf_\\u7ec8\\u671f3.png\"}, {\"url\": \"https://metaweb-1254980686.cos.ap-shanghai.myqcloud.com/1309da8bee526e87923cfaac5bc388b2_\\u7ec8\\u671f4.png\", \"name\": \"1309da8bee526e87923cfaac5bc388b2_\\u7ec8\\u671f4.png\"}, {\"url\": \"https://metaweb-1254980686.cos.ap-shanghai.myqcloud.com/595d5ffe4300f179c6474f383e511d1f_\\u7ec8\\u671f2.png\", \"name\": \"595d5ffe4300f179c6474f383e511d1f_\\u7ec8\\u671f2.png\"}, {\"url\": \"https://metaweb-1254980686.cos.ap-shanghai.myqcloud.com/1bb2079de88046031014ff2a6ea16c0e_\\u7ec8\\u671f5.png\", \"name\": \"1bb2079de88046031014ff2a6ea16c0e_\\u7ec8\\u671f5.png\"}]", "video": "[{\"url\": \"https://metaweb-1254980686.cos.ap-shanghai.myqcloud.com/d5d0637b02f60a0f01581590a236b713_\\u6c47\\u62a5\\u89c6\\u9891.mp4\", \"name\": \"d5d0637b02f60a0f01581590a236b713_\\u6c47\\u62a5\\u89c6\\u9891.mp4\"}]", "model": "[]", "slide": "[{\"url\": \"https://metaweb-1254980686.cos.ap-shanghai.myqcloud.com/0c9e96503ebba1082db3066920c0c7ed_group1.pptx\", \"name\": \"0c9e96503ebba1082db3066920c0c7ed_group1.pptx\"}]", "pdf": "[{\"url\": \"https://metaweb-1254980686.cos.ap-shanghai.myqcloud.com/d90e75d19ec7efcebe1463384d284154_Group 1.pdf\", \"name\": \"d90e75d19ec7efcebe1463384d284154_Group 1.pdf\"}]"}}, {"model": "enroll.content", "pk": 30, "fields": {"product": 16, "stage": "mid", "date": "2022-10-15T18:00:00", "album": "[{\"url\": \"https://metaweb-1254980686.cos.ap-shanghai.myqcloud.com/140db1339f4d48aaf9e8c1cd3a907063_\\u4e2d\\u671f\\u4e3b\\u56fe.png\", \"name\": \"140db1339f4d48aaf9e8c1cd3a907063_\\u4e2d\\u671f\\u4e3b\\u56fe.png\"}]", "images": "[{\"url\": \"https://metaweb-1254980686.cos.ap-shanghai.myqcloud.com/a47f7d61bd968f385264dd5d82238246_Frame 4.png\", \"name\": \"a47f7d61bd968f385264dd5d82238246_Frame 4.png\"}, {\"url\": \"https://metaweb-1254980686.cos.ap-shanghai.myqcloud.com/41e5fc20d9afb5ab021c84aaa721a8f9_Frame 9.png\", \"name\": \"41e5fc20d9afb5ab021c84aaa721a8f9_Frame 9.png\"}, {\"url\": \"https://metaweb-1254980686.cos.ap-shanghai.myqcloud.com/42a70d8a6e83ba85ed72af4d56a91970_Frame 3.png\", \"name\": \"42a70d8a6e83ba85ed72af4d56a91970_Frame 3.png\"}, {\"url\": \"https://metaweb-1254980686.cos.ap-shanghai.myqcloud.com/2068758b3db3ae370b051a0fe9ff1db4_Frame 7.png\", \"name\": \"2068758b3db3ae370b051a0fe9ff1db4_Frame 7.png\"}, {\"url\": \"https://metaweb-1254980686.cos.ap-shanghai.myqcloud.com/7de797f4bdb9101214f463cef44d9399_Frame 8.png\", \"name\": \"7de797f4bdb9101214f463cef44d9399_Frame 8.png\"}, {\"url\": \"https://metaweb-1254980686.cos.ap-shanghai.myqcloud.com/9bd89917a1bb673d39a278b77809a2e0_Frame 6.png\", \"name\": \"9bd89917a1bb673d39a278b77809a2e0_Frame 6.png\"}]", "video": null, "model": null, "slide": null, "pdf": null}}, {"model": "enroll.content", "pk": 31, "fields": {"product": 16, "stage": "end", "date": "2022-12-19T02:00:00", "album": "[{\"url\": \"https://metaweb-1254980686.cos.ap-shanghai.myqcloud.com/9464f6ad282a32aaa203faeaa39acbfb_\\u4e3b\\u56fe.png\", \"name\": \"9464f6ad282a32aaa203faeaa39acbfb_\\u4e3b\\u56fe.png\"}]", "images": "[{\"url\": \"https://metaweb-1254980686.cos.ap-shanghai.myqcloud.com/cd94eb576a54efd4a4bea6c6c7207120_Frame 2.png\", \"name\": \"cd94eb576a54efd4a4bea6c6c7207120_Frame 2.png\"}, {\"url\": \"https://metaweb-1254980686.cos.ap-shanghai.myqcloud.com/b7c923c1cb7d6573271e6a71d4feee78_Frame 11.png\", \"name\": \"b7c923c1cb7d6573271e6a71d4feee78_Frame 11.png\"}, {\"url\": \"https://metaweb-1254980686.cos.ap-shanghai.myqcloud.com/dd20de7b0681c64981978be200e57b3b_NFT\\u751f\\u6210\\u5c55\\u793a.png\", \"name\": \"dd20de7b0681c64981978be200e57b3b_NFT\\u751f\\u6210\\u5c55\\u793a.png\"}, {\"url\": \"https://metaweb-1254980686.cos.ap-shanghai.myqcloud.com/3c88c6e7562c810923ac850ea91d04a3_\\u4f5c\\u54c1\\u5c55\\u793a-\\u6307\\u59572.png\", \"name\": \"3c88c6e7562c810923ac850ea91d04a3_\\u4f5c\\u54c1\\u5c55\\u793a-\\u6307\\u59572.png\"}, {\"url\": \"https://metaweb-1254980686.cos.ap-shanghai.myqcloud.com/b027163231e9a1f2e9d38e731b86eb7b_Frame 5.png\", \"name\": \"b027163231e9a1f2e9d38e731b86eb7b_Frame 5.png\"}, {\"url\": \"https://metaweb-1254980686.cos.ap-shanghai.myqcloud.com/da834155c56ba40e78b80926f88a2870_\\u4f5c\\u54c1\\u5c55\\u793a-\\u6307\\u59571.png\", \"name\": \"da834155c56ba40e78b80926f88a2870_\\u4f5c\\u54c1\\u5c55\\u793a-\\u6307\\u59571.png\"}, {\"url\": \"https://metaweb-1254980686.cos.ap-shanghai.myqcloud.com/240e6b620b33251eed2f6adc6aff87a6_\\u4f5c\\u54c1\\u5c55\\u793a-\\u6307\\u59573.png\", \"name\": \"240e6b620b33251eed2f6adc6aff87a6_\\u4f5c\\u54c1\\u5c55\\u793a-\\u6307\\u59573.png\"}]", "video": "[{\"url\": \"https://metaweb-1254980686.cos.ap-shanghai.myqcloud.com/3adc4d4c37d188437bfeb739c148f70e_VIRTOUCHintegration\\uff08\\u538b\\u5236\\u7248\\uff09.mp4\", \"name\": \"3adc4d4c37d188437bfeb739c148f70e_VIRTOUCHintegration\\uff08\\u538b\\u5236\\u7248\\uff09.mp4\"}, {\"url\": \"https://metaweb-1254980686.cos.ap-shanghai.myqcloud.com/b36c1be877b367fe2042b0d20f4c5633_VIRTOUCHintegration.mp4\", \"name\": \"b36c1be877b367fe2042b0d20f4c5633_VIRTOUCHintegration.mp4\"}]", "model": "[{\"url\": \"https://metaweb-1254980686.cos.ap-shanghai.myqcloud.com/a40282b8118e92f177fb51b3f3f30ee5_\\u6307\\u5957.SLDPRT\", \"name\": \"a40282b8118e92f177fb51b3f3f30ee5_\\u6307\\u5957.SLDPRT\"}, {\"url\": \"https://metaweb-1254980686.cos.ap-shanghai.myqcloud.com/f98307971affae123971257c982ebdbb_\\u6307\\u5957\\u6e32\\u67d3\\u5de5\\u7a0b\\u6587\\u4ef61.bip\", \"name\": \"f98307971affae123971257c982ebdbb_\\u6307\\u5957\\u6e32\\u67d3\\u5de5\\u7a0b\\u6587\\u4ef61.bip\"}, {\"url\": \"https://metaweb-1254980686.cos.ap-shanghai.myqcloud.com/3d0da401543468078c84d14c5bf05dd7_\\u6307\\u5957\\u6e32\\u67d3\\u5de5\\u7a0b\\u6587\\u4ef62.bip\", \"name\": \"3d0da401543468078c84d14c5bf05dd7_\\u6307\\u5957\\u6e32\\u67d3\\u5de5\\u7a0b\\u6587\\u4ef62.bip\"}]", "slide": "[{\"url\": \"https://metaweb-1254980686.cos.ap-shanghai.myqcloud.com/ebd640e6a1274be8588023ce1b8ce0cf_Studio3_2022.12.15 \\u7ec8\\u671f\\u6c47\\u62a5.pptx\", \"name\": \"ebd640e6a1274be8588023ce1b8ce0cf_Studio3_2022.12.15 \\u7ec8\\u671f\\u6c47\\u62a5.pptx\"}]", "pdf": "[{\"url\": \"https://metaweb-1254980686.cos.ap-shanghai.myqcloud.com/d5f677888a47fae72254ddab7aef9569_Studio3_2022.12.15 \\u7ec8\\u671f\\u6c47\\u62a5.pdf\", \"name\": \"d5f677888a47fae72254ddab7aef9569_Studio3_2022.12.15 \\u7ec8\\u671f\\u6c47\\u62a5.pdf\"}]"}}, {"model": "enroll.content", "pk": 32, "fields": {"product": 17, "stage": "mid", "date": "2022-10-15T18:00:00", "album": "[{\"url\": \"https://metaweb-1254980686.cos.ap-shanghai.myqcloud.com/066771a435132e7f8118a4f78853eba3_\\u4e2d\\u671f\\u6210\\u679c-\\u5c01\\u9762.jpg\", \"name\": \"066771a435132e7f8118a4f78853eba3_\\u4e2d\\u671f\\u6210\\u679c-\\u5c01\\u9762.jpg\"}]", "images": "[{\"url\": \"https://metaweb-1254980686.cos.ap-shanghai.myqcloud.com/070df09f14073f2c80e8eadceea6cdc3_\\u4e2d\\u671f (2).jpg\", \"name\": \"070df09f14073f2c80e8eadceea6cdc3_\\u4e2d\\u671f (2).jpg\"}, {\"url\": \"https://metaweb-1254980686.cos.ap-shanghai.myqcloud.com/6a6357a3ddb635b9d2e5629bce622eb8_\\u4e2d\\u671f.jpg\", \"name\": \"6a6357a3ddb635b9d2e5629bce622eb8_\\u4e2d\\u671f.jpg\"}]", "video": null, "model": null, "slide": null, "pdf": null}}, {"model": "enroll.content", "pk": 33, "fields": {"product": 17, "stage": "end", "date": "2022-12-19T02:00:00", "album": "[{\"url\": \"https://metaweb-1254980686.cos.ap-shanghai.myqcloud.com/f15b0bd4a073d3fcd64337cee69fa00c_\\u6700\\u7ec8\\u6210\\u679c-\\u5c01\\u9762.jpg\", \"name\": \"f15b0bd4a073d3fcd64337cee69fa00c_\\u6700\\u7ec8\\u6210\\u679c-\\u5c01\\u9762.jpg\"}]", "images": "[{\"url\": \"https://metaweb-1254980686.cos.ap-shanghai.myqcloud.com/c57a18eaea27d4cef79e75027bc7a586_\\u6700\\u7ec8\\u6210\\u679c5.jpg\", \"name\": \"c57a18eaea27d4cef79e75027bc7a586_\\u6700\\u7ec8\\u6210\\u679c5.jpg\"}, {\"url\": \"https://metaweb-1254980686.cos.ap-shanghai.myqcloud.com/f0bf0a96cd3bad79e40f6d2745e16dad_\\u6700\\u7ec8\\u6210\\u679c4.jpg\", \"name\": \"f0bf0a96cd3bad79e40f6d2745e16dad_\\u6700\\u7ec8\\u6210\\u679c4.jpg\"}, {\"url\": \"https://metaweb-1254980686.cos.ap-shanghai.myqcloud.com/28d04a6ea8889c692abe1f59f41f586b_\\u6700\\u7ec8\\u6210\\u679c1.jpg\", \"name\": \"28d04a6ea8889c692abe1f59f41f586b_\\u6700\\u7ec8\\u6210\\u679c1.jpg\"}, {\"url\": \"https://metaweb-1254980686.cos.ap-shanghai.myqcloud.com/b4c9f6b77fa24c259f9b753f65b721df_\\u6700\\u7ec8\\u6210\\u679c3.jpg\", \"name\": \"b4c9f6b77fa24c259f9b753f65b721df_\\u6700\\u7ec8\\u6210\\u679c3.jpg\"}, {\"url\": \"https://metaweb-1254980686.cos.ap-shanghai.myqcloud.com/fab3f5a093c6d907a93bd74c36eda489_\\u6700\\u7ec8\\u6210\\u679c2.jpg\", \"name\": \"fab3f5a093c6d907a93bd74c36eda489_\\u6700\\u7ec8\\u6210\\u679c2.jpg\"}]", "video": "[{\"url\": \"https://metaweb-1254980686.cos.ap-shanghai.myqcloud.com/4e1f488db14faa715e482f693f02d662_RAR\\u5546\\u4e1a-\\u4e16\\u7eaa\\u7075\\u5883\\u6c47\\u62a5\\u89c6\\u9891.mp4\", \"name\": \"4e1f488db14faa715e482f693f02d662_RAR\\u5546\\u4e1a-\\u4e16\\u7eaa\\u7075\\u5883\\u6c47\\u62a5\\u89c6\\u9891.mp4\"}]", "model": "[]", "slide": "[{\"url\": \"https://metaweb-1254980686.cos.ap-shanghai.myqcloud.com/07d9e176f7cf1281099d859ba67dd8a0_RAR\\u5546\\u4e1a\\u6c47\\u62a5_Final.pptx\", \"name\": \"07d9e176f7cf1281099d859ba67dd8a0_RAR\\u5546\\u4e1a\\u6c47\\u62a5_Final.pptx\"}]", "pdf": "[{\"url\": \"https://metaweb-1254980686.cos.ap-shanghai.myqcloud.com/2b7c14048102d73a87d024bb04ad78ad_RAR\\u5546\\u4e1a\\u6c47\\u62a5_Final.pdf\", \"name\": \"2b7c14048102d73a87d024bb04ad78ad_RAR\\u5546\\u4e1a\\u6c47\\u62a5_Final.pdf\"}]"}}, {"model": "enroll.content", "pk": 34, "fields": {"product": 18, "stage": "mid", "date": "2022-10-15T18:00:00", "album": "[{\"url\": \"https://metaweb-1254980686.cos.ap-shanghai.myqcloud.com/cd0bd86267c218b5c52a140da42ce9c7_\\u4e3b\\u56fe.jpg\", \"name\": \"cd0bd86267c218b5c52a140da42ce9c7_\\u4e3b\\u56fe.jpg\"}]", "images": "[{\"url\": \"https://metaweb-1254980686.cos.ap-shanghai.myqcloud.com/843956511413e42fb5a76807ee8886cc_\\u4f5c\\u54c1\\u56fe2.jpg\", \"name\": \"843956511413e42fb5a76807ee8886cc_\\u4f5c\\u54c1\\u56fe2.jpg\"}, {\"url\": \"https://metaweb-1254980686.cos.ap-shanghai.myqcloud.com/39caca7cb514509f4356f21d8c0681da_\\u4f5c\\u54c1\\u56fe3.jpg\", \"name\": \"39caca7cb514509f4356f21d8c0681da_\\u4f5c\\u54c1\\u56fe3.jpg\"}, {\"url\": \"https://metaweb-1254980686.cos.ap-shanghai.myqcloud.com/7c05cd416505275907c0afaa4959a144_\\u4f5c\\u54c1\\u56fe1.jpg\", \"name\": \"7c05cd416505275907c0afaa4959a144_\\u4f5c\\u54c1\\u56fe1.jpg\"}, {\"url\": \"https://metaweb-1254980686.cos.ap-shanghai.myqcloud.com/c04f70d3e5e923c8a17093a6112ce9f5_\\u4f5c\\u54c1\\u56fe4.jpg\", \"name\": \"c04f70d3e5e923c8a17093a6112ce9f5_\\u4f5c\\u54c1\\u56fe4.jpg\"}]", "video": null, "model": null, "slide": null, "pdf": null}}, {"model": "enroll.content", "pk": 35, "fields": {"product": 18, "stage": "end", "date": "2022-12-19T02:00:00", "album": "[{\"url\": \"https://metaweb-1254980686.cos.ap-shanghai.myqcloud.com/361fc2c49e99a4d24377e5fe81e5a080_\\u4e3b\\u56fe.jpg\", \"name\": \"361fc2c49e99a4d24377e5fe81e5a080_\\u4e3b\\u56fe.jpg\"}]", "images": "[{\"url\": \"https://metaweb-1254980686.cos.ap-shanghai.myqcloud.com/aaeabc17669459b600302f1626f3e8e0_\\u8fc7\\u7a0b\\u56fe1.jpg\", \"name\": \"aaeabc17669459b600302f1626f3e8e0_\\u8fc7\\u7a0b\\u56fe1.jpg\"}, {\"url\": \"https://metaweb-1254980686.cos.ap-shanghai.myqcloud.com/f46d8edabf8233fb1e7c3f6457e6e4b8_\\u8fc7\\u7a0b\\u56fe3.jpg\", \"name\": \"f46d8edabf8233fb1e7c3f6457e6e4b8_\\u8fc7\\u7a0b\\u56fe3.jpg\"}, {\"url\": \"https://metaweb-1254980686.cos.ap-shanghai.myqcloud.com/e07d5b2daf8693823f8b41a96b747519_\\u8fc7\\u7a0b\\u56fe2.jpg\", \"name\": \"e07d5b2daf8693823f8b41a96b747519_\\u8fc7\\u7a0b\\u56fe2.jpg\"}, {\"url\": \"https://metaweb-1254980686.cos.ap-shanghai.myqcloud.com/8c1934abbdafe4b3a4599b4efd052886_\\u8fc7\\u7a0b\\u56fe6.jpg\", \"name\": \"8c1934abbdafe4b3a4599b4efd052886_\\u8fc7\\u7a0b\\u56fe6.jpg\"}, {\"url\": \"https://metaweb-1254980686.cos.ap-shanghai.myqcloud.com/e943ea08ccfc34861b98dc52ad27e004_\\u8fc7\\u7a0b\\u56fe4.jpg\", \"name\": \"e943ea08ccfc34861b98dc52ad27e004_\\u8fc7\\u7a0b\\u56fe4.jpg\"}, {\"url\": \"https://metaweb-1254980686.cos.ap-shanghai.myqcloud.com/7184ab1dac3ab9eb53ab5d1b385ab1a2_\\u8fc7\\u7a0b\\u56fe5.jpg\", \"name\": \"7184ab1dac3ab9eb53ab5d1b385ab1a2_\\u8fc7\\u7a0b\\u56fe5.jpg\"}]", "video": "[]", "model": "[]", "slide": "[{\"url\": \"https://metaweb-1254980686.cos.ap-shanghai.myqcloud.com/7ad33866b137a324887bb740c412b9f9_studio3.pptx\", \"name\": \"7ad33866b137a324887bb740c412b9f9_studio3.pptx\"}]", "pdf": "[{\"url\": \"https://metaweb-1254980686.cos.ap-shanghai.myqcloud.com/4aa2489baa0e8b12a984566017f5d19a_studio3.pdf\", \"name\": \"4aa2489baa0e8b12a984566017f5d19a_studio3.pdf\"}]"}}, {"model": "enroll.content", "pk": 36, "fields": {"product": 19, "stage": "mid", "date": "2022-10-15T18:00:00", "album": "[{\"url\": \"https://metaweb-1254980686.cos.ap-shanghai.myqcloud.com/48d2c3ba1db451c25f2c71f2943643c8_\\u4e2d\\u671f\\u56fe1_\\u5c01\\u9762.png\", \"name\": \"48d2c3ba1db451c25f2c71f2943643c8_\\u4e2d\\u671f\\u56fe1_\\u5c01\\u9762.png\"}]", "images": "[{\"url\": \"https://metaweb-1254980686.cos.ap-shanghai.myqcloud.com/b23126d3e52f7f2d2b18bc4676c93ce0_\\u4e2d\\u671f\\u56fe2_\\u753b\\u677f 1.png\", \"name\": \"b23126d3e52f7f2d2b18bc4676c93ce0_\\u4e2d\\u671f\\u56fe2_\\u753b\\u677f 1.png\"}, {\"url\": \"https://metaweb-1254980686.cos.ap-shanghai.myqcloud.com/ce7cd36f6df47ca67040318920b19acd_\\u4e2d\\u671f\\u4e3b\\u56fe_\\u753b\\u677f 1.png\", \"name\": \"ce7cd36f6df47ca67040318920b19acd_\\u4e2d\\u671f\\u4e3b\\u56fe_\\u753b\\u677f 1.png\"}]", "video": null, "model": null, "slide": null, "pdf": null}}, {"model": "enroll.content", "pk": 37, "fields": {"product": 19, "stage": "end", "date": "2022-12-19T02:00:00", "album": "[{\"url\": \"https://metaweb-1254980686.cos.ap-shanghai.myqcloud.com/d5fe62c9d5d8bba4c7575052be07772a_\\u5c01\\u9762\\u56fe.jpg\", \"name\": \"d5fe62c9d5d8bba4c7575052be07772a_\\u5c01\\u9762\\u56fe.jpg\"}]", "images": "[{\"url\": \"https://metaweb-1254980686.cos.ap-shanghai.myqcloud.com/e17a5824d52f622f8a6a9ee44485ef24_3.jpg\", \"name\": \"e17a5824d52f622f8a6a9ee44485ef24_3.jpg\"}, {\"url\": \"https://metaweb-1254980686.cos.ap-shanghai.myqcloud.com/1ceaad573f133ac9d9b5ae2f4967041b_2.jpg\", \"name\": \"1ceaad573f133ac9d9b5ae2f4967041b_2.jpg\"}, {\"url\": \"https://metaweb-1254980686.cos.ap-shanghai.myqcloud.com/3925c9712df0ad04ff918af5b98713ef_5.jpg\", \"name\": \"3925c9712df0ad04ff918af5b98713ef_5.jpg\"}, {\"url\": \"https://metaweb-1254980686.cos.ap-shanghai.myqcloud.com/b541ec042115625bec12ddaf1a461d73_4.jpg\", \"name\": \"b541ec042115625bec12ddaf1a461d73_4.jpg\"}]", "video": "[{\"url\": \"https://metaweb-1254980686.cos.ap-shanghai.myqcloud.com/cd6171ec4de2fb5110c1ae15166f5c72_\\u65f6\\u7a7a\\u4e4b\\u5c9b.mp4\", \"name\": \"cd6171ec4de2fb5110c1ae15166f5c72_\\u65f6\\u7a7a\\u4e4b\\u5c9b.mp4\"}]", "model": "[{\"url\": \"https://metaweb-1254980686.cos.ap-shanghai.myqcloud.com/1e159af1a93d1f2c3afb79881497ca15_\\u5143\\u5b87\\u5b99\\u6a21\\u578bv5.skp\", \"name\": \"1e159af1a93d1f2c3afb79881497ca15_\\u5143\\u5b87\\u5b99\\u6a21\\u578bv5.skp\"}]", "slide": "[{\"url\": \"https://metaweb-1254980686.cos.ap-shanghai.myqcloud.com/739b0920b7348a6160674fa651b56bd2_\\u6c47\\u62a5PPT\\u7248\\u672c.pptx\", \"name\": \"739b0920b7348a6160674fa651b56bd2_\\u6c47\\u62a5PPT\\u7248\\u672c.pptx\"}]", "pdf": "[{\"url\": \"https://metaweb-1254980686.cos.ap-shanghai.myqcloud.com/3135ed25cf57d8bfe31047f19a8d76eb_final ppt.pdf\", \"name\": \"3135ed25cf57d8bfe31047f19a8d76eb_final ppt.pdf\"}]"}}, {"model": "enroll.content", "pk": 38, "fields": {"product": 20, "stage": "mid", "date": "2022-10-15T18:00:00", "album": "[{\"url\": \"https://metaweb-1254980686.cos.ap-shanghai.myqcloud.com/8cc7f705cdaddfd6168d64fb3aae1cf4_\\u5c01\\u9762.png\", \"name\": \"8cc7f705cdaddfd6168d64fb3aae1cf4_\\u5c01\\u9762.png\"}]", "images": "[{\"url\": \"https://metaweb-1254980686.cos.ap-shanghai.myqcloud.com/c990077b259312410af3882ed9daca85_\\u4f5c\\u54c1\\u56fe2.png\", \"name\": \"c990077b259312410af3882ed9daca85_\\u4f5c\\u54c1\\u56fe2.png\"}, {\"url\": \"https://metaweb-1254980686.cos.ap-shanghai.myqcloud.com/f5d1a51e9cdb7bac85f2da91a427e142_\\u4f5c\\u54c1\\u56fe1.png\", \"name\": \"f5d1a51e9cdb7bac85f2da91a427e142_\\u4f5c\\u54c1\\u56fe1.png\"}]", "video": null, "model": null, "slide": null, "pdf": null}}, {"model": "enroll.content", "pk": 39, "fields": {"product": 20, "stage": "end", "date": "2022-12-19T02:00:00", "album": "[{\"url\": \"https://metaweb-1254980686.cos.ap-shanghai.myqcloud.com/2d0774d8972115f38c0b1b03424c1fa8_\\u5c01\\u9762.png\", \"name\": \"2d0774d8972115f38c0b1b03424c1fa8_\\u5c01\\u9762.png\"}]", "images": "[{\"url\": \"https://metaweb-1254980686.cos.ap-shanghai.myqcloud.com/26123589f912749b61771aacddfa49fb_\\u4f5c\\u54c1\\u56fe1.png\", \"name\": \"26123589f912749b61771aacddfa49fb_\\u4f5c\\u54c1\\u56fe1.png\"}, {\"url\": \"https://metaweb-1254980686.cos.ap-shanghai.myqcloud.com/738d809e71d651db61ee155bc2de93a6_\\u4f5c\\u54c1\\u56fe2.png\", \"name\": \"738d809e71d651db61ee155bc2de93a6_\\u4f5c\\u54c1\\u56fe2.png\"}]", "video": "[{\"url\": \"https://metaweb-1254980686.cos.ap-shanghai.myqcloud.com/4427a8fcedec4bc050b7f03f40072387_\\u4f5c\\u54c1\\u89c6\\u9891.mp4\", \"name\": \"4427a8fcedec4bc050b7f03f40072387_\\u4f5c\\u54c1\\u89c6\\u9891.mp4\"}]", "model": "[{\"url\": \"https://metaweb-1254980686.cos.ap-shanghai.myqcloud.com/c69955600bc2758da9a8d73ecda258c7_\\u4f5c\\u54c1\\u6a21\\u578b.blend\", \"name\": \"c69955600bc2758da9a8d73ecda258c7_\\u4f5c\\u54c1\\u6a21\\u578b.blend\"}]", "slide": "[{\"url\": \"https://metaweb-1254980686.cos.ap-shanghai.myqcloud.com/c9ab9316ecf3cdc1edcabcbf3a071c1c_\\u7ec8\\u671f\\u6c47\\u62a5.pptx\", \"name\": \"c9ab9316ecf3cdc1edcabcbf3a071c1c_\\u7ec8\\u671f\\u6c47\\u62a5.pptx\"}]", "pdf": "[{\"url\": \"https://metaweb-1254980686.cos.ap-shanghai.myqcloud.com/82ee8fe1557839d1f110eec4578bb178_\\u7ec8\\u671f\\u6c47\\u62a5.pdf\", \"name\": \"82ee8fe1557839d1f110eec4578bb178_\\u7ec8\\u671f\\u6c47\\u62a5.pdf\"}]"}}, {"model": "enroll.content", "pk": 40, "fields": {"product": 21, "stage": "mid", "date": "2022-10-15T18:00:00", "album": "[{\"url\": \"https://metaweb-1254980686.cos.ap-shanghai.myqcloud.com/77eee4c1ddd74918073374e59cae8ddb_\\u4e2d\\u671f\\u5c01\\u9762\\u4e3b\\u56fe.png\", \"name\": \"77eee4c1ddd74918073374e59cae8ddb_\\u4e2d\\u671f\\u5c01\\u9762\\u4e3b\\u56fe.png\"}]", "images": "[{\"url\": \"https://metaweb-1254980686.cos.ap-shanghai.myqcloud.com/f2ba252cdca7de670afff27d25812c25_\\u4e2d\\u671f\\u4f5c\\u54c1\\u56fe2.png\", \"name\": \"f2ba252cdca7de670afff27d25812c25_\\u4e2d\\u671f\\u4f5c\\u54c1\\u56fe2.png\"}, {\"url\": \"https://metaweb-1254980686.cos.ap-shanghai.myqcloud.com/e7b349ffe004ec3708abf8bbf91fc893_\\u4e2d\\u671f\\u4f5c\\u54c1\\u56fe1.png\", \"name\": \"e7b349ffe004ec3708abf8bbf91fc893_\\u4e2d\\u671f\\u4f5c\\u54c1\\u56fe1.png\"}, {\"url\": \"https://metaweb-1254980686.cos.ap-shanghai.myqcloud.com/ccd16cf6b3cf38f18592247953040373_\\u4e2d\\u671f\\u4f5c\\u54c1\\u56fe3.png\", \"name\": \"ccd16cf6b3cf38f18592247953040373_\\u4e2d\\u671f\\u4f5c\\u54c1\\u56fe3.png\"}]", "video": null, "model": null, "slide": null, "pdf": null}}, {"model": "enroll.content", "pk": 41, "fields": {"product": 21, "stage": "end", "date": "2022-12-19T02:00:00", "album": "[{\"url\": \"https://metaweb-1254980686.cos.ap-shanghai.myqcloud.com/08bd04496fb7e86ff37ad9334786d967_1\\u3001\\u7ec8\\u671f\\u5c01\\u9762\\u4e3b\\u56fe.png\", \"name\": \"08bd04496fb7e86ff37ad9334786d967_1\\u3001\\u7ec8\\u671f\\u5c01\\u9762\\u4e3b\\u56fe.png\"}]", "images": "[{\"url\": \"https://metaweb-1254980686.cos.ap-shanghai.myqcloud.com/0a3696671670b680018120814a3a1cdb_2\\u3001\\u7ec8\\u671f\\u4f5c\\u54c1\\u56fe2.png\", \"name\": \"0a3696671670b680018120814a3a1cdb_2\\u3001\\u7ec8\\u671f\\u4f5c\\u54c1\\u56fe2.png\"}, {\"url\": \"https://metaweb-1254980686.cos.ap-shanghai.myqcloud.com/3e567a829044718b02ad9c8433f407c0_2\\u3001\\u7ec8\\u671f\\u4f5c\\u54c1\\u56fe1.png\", \"name\": \"3e567a829044718b02ad9c8433f407c0_2\\u3001\\u7ec8\\u671f\\u4f5c\\u54c1\\u56fe1.png\"}]", "video": "[{\"url\": \"https://metaweb-1254980686.cos.ap-shanghai.myqcloud.com/cc7af403296e260fcf5292dffd6ceef3_3\\u3001\\u89c6\\u9891.mp4\", \"name\": \"cc7af403296e260fcf5292dffd6ceef3_3\\u3001\\u89c6\\u9891.mp4\"}]", "model": "[]", "slide": "[]", "pdf": "[{\"url\": \"https://metaweb-1254980686.cos.ap-shanghai.myqcloud.com/5e7e4ac47f493d3f7c399ac4144cae89_6\\u3001\\u7ec8\\u671f\\u6c47\\u62a5ppt.pdf\", \"name\": \"5e7e4ac47f493d3f7c399ac4144cae89_6\\u3001\\u7ec8\\u671f\\u6c47\\u62a5ppt.pdf\"}, {\"url\": \"https://metaweb-1254980686.cos.ap-shanghai.myqcloud.com/40bd6b55458aa2651e2482a5e6faef2a_5\\u3001\\u4e2d\\u671f\\u6c47\\u62a5ppt.pdf\", \"name\": \"40bd6b55458aa2651e2482a5e6faef2a_5\\u3001\\u4e2d\\u671f\\u6c47\\u62a5ppt.pdf\"}]"}}, {"model": "enroll.content", "pk": 42, "fields": {"product": 22, "stage": "mid", "date": "2022-10-15T18:00:00", "album": "[{\"url\": \"https://metaweb-1254980686.cos.ap-shanghai.myqcloud.com/3a379aef1ea971e4dc45e402c98e6602_A3-\\u4e2d\\u671f\\u5c01\\u9762.jpg\", \"name\": \"3a379aef1ea971e4dc45e402c98e6602_A3-\\u4e2d\\u671f\\u5c01\\u9762.jpg\"}]", "images": "[{\"url\": \"https://metaweb-1254980686.cos.ap-shanghai.myqcloud.com/ae26e8ddf5c98cb899f2f29baafa4d9a_A3-\\u4e2d\\u671f\\u6210\\u679c2.jpg\", \"name\": \"ae26e8ddf5c98cb899f2f29baafa4d9a_A3-\\u4e2d\\u671f\\u6210\\u679c2.jpg\"}, {\"url\": \"https://metaweb-1254980686.cos.ap-shanghai.myqcloud.com/20140c00efbda8083dbdb754a9d439fa_A3-\\u7ec8\\u671f\\u6210\\u679c1.jpg\", \"name\": \"20140c00efbda8083dbdb754a9d439fa_A3-\\u7ec8\\u671f\\u6210\\u679c1.jpg\"}]", "video": null, "model": null, "slide": null, "pdf": null}}, {"model": "enroll.content", "pk": 43, "fields": {"product": 22, "stage": "end", "date": "2022-12-19T02:00:00", "album": "[{\"url\": \"https://metaweb-1254980686.cos.ap-shanghai.myqcloud.com/014284106f606583573803c3d510ee18_A3-\\u7ec8\\u671f\\u5c01\\u9762.jpg\", \"name\": \"014284106f606583573803c3d510ee18_A3-\\u7ec8\\u671f\\u5c01\\u9762.jpg\"}]", "images": "[{\"url\": \"https://metaweb-1254980686.cos.ap-shanghai.myqcloud.com/e62bc8fa27d49f9656e461530c6c4977_A3\\u7ec8\\u671f\\u6210\\u679c1.jpg\", \"name\": \"e62bc8fa27d49f9656e461530c6c4977_A3\\u7ec8\\u671f\\u6210\\u679c1.jpg\"}, {\"url\": \"https://metaweb-1254980686.cos.ap-shanghai.myqcloud.com/c78f95398bb9564cef2f7eede6e789e5_A3-\\u7ec8\\u671f\\u6210\\u679c2.jpg\", \"name\": \"c78f95398bb9564cef2f7eede6e789e5_A3-\\u7ec8\\u671f\\u6210\\u679c2.jpg\"}]", "video": "[{\"url\": \"https://metaweb-1254980686.cos.ap-shanghai.myqcloud.com/567399d7846a8a53dece85f546168d14_\\u7ec8\\u671f\\u89c6\\u9891.mp4\", \"name\": \"567399d7846a8a53dece85f546168d14_\\u7ec8\\u671f\\u89c6\\u9891.mp4\"}]", "model": "[]", "slide": "[{\"url\": \"https://metaweb-1254980686.cos.ap-shanghai.myqcloud.com/43ccf907dee517f90ac6f89672ec3404_\\u7ec8\\u671f\\u6c47\\u62a5PPT.pptx\", \"name\": \"43ccf907dee517f90ac6f89672ec3404_\\u7ec8\\u671f\\u6c47\\u62a5PPT.pptx\"}]", "pdf": "[{\"url\": \"https://metaweb-1254980686.cos.ap-shanghai.myqcloud.com/297c8d1bc8bb831e23210ebef801f026_\\u7ec8\\u671f\\u6c47\\u62a5pdf.pdf\", \"name\": \"297c8d1bc8bb831e23210ebef801f026_\\u7ec8\\u671f\\u6c47\\u62a5pdf.pdf\"}]"}}, {"model": "enroll.content", "pk": 44, "fields": {"product": 23, "stage": "mid", "date": "2022-10-15T18:00:00", "album": "[{\"url\": \"https://metaweb-1254980686.cos.ap-shanghai.myqcloud.com/9d6c4b63b6dad5cd6b7a7f7a1e677d93_\\u4e3b\\u56fe.png\", \"name\": \"9d6c4b63b6dad5cd6b7a7f7a1e677d93_\\u4e3b\\u56fe.png\"}]", "images": "[{\"url\": \"https://metaweb-1254980686.cos.ap-shanghai.myqcloud.com/0dfe3ac6ee794509325bfe4dc1bf71f5_4.png\", \"name\": \"0dfe3ac6ee794509325bfe4dc1bf71f5_4.png\"}, {\"url\": \"https://metaweb-1254980686.cos.ap-shanghai.myqcloud.com/6818a1aa2d75d89a835e9eb9346cee7b_2.png\", \"name\": \"6818a1aa2d75d89a835e9eb9346cee7b_2.png\"}, {\"url\": \"https://metaweb-1254980686.cos.ap-shanghai.myqcloud.com/744cf231cd8bc423575100e4906f1fb3_1.png\", \"name\": \"744cf231cd8bc423575100e4906f1fb3_1.png\"}, {\"url\": \"https://metaweb-1254980686.cos.ap-shanghai.myqcloud.com/27f4818636e01575e37f56c3e8751e97_5.png\", \"name\": \"27f4818636e01575e37f56c3e8751e97_5.png\"}, {\"url\": \"https://metaweb-1254980686.cos.ap-shanghai.myqcloud.com/be990f5c357218598f66ab911c3c38bf_3.png\", \"name\": \"be990f5c357218598f66ab911c3c38bf_3.png\"}]", "video": null, "model": null, "slide": null, "pdf": null}}, {"model": "enroll.content", "pk": 45, "fields": {"product": 23, "stage": "end", "date": "2022-12-19T02:00:00", "album": "[{\"url\": \"https://metaweb-1254980686.cos.ap-shanghai.myqcloud.com/fb6abd2e84fc22d18d1cd51dd67de52a_\\u5c01\\u9762\\u4e3b\\u56fe.png\", \"name\": \"fb6abd2e84fc22d18d1cd51dd67de52a_\\u5c01\\u9762\\u4e3b\\u56fe.png\"}]", "images": "[{\"url\": \"https://metaweb-1254980686.cos.ap-shanghai.myqcloud.com/b834b49dfbeb78d5aa2ddbe997d3639c_2.png\", \"name\": \"b834b49dfbeb78d5aa2ddbe997d3639c_2.png\"}, {\"url\": \"https://metaweb-1254980686.cos.ap-shanghai.myqcloud.com/0f66dde9f41d19cba00d5cce3e2b6822_4.png\", \"name\": \"0f66dde9f41d19cba00d5cce3e2b6822_4.png\"}, {\"url\": \"https://metaweb-1254980686.cos.ap-shanghai.myqcloud.com/1ed726231322aa27a7a2215f3a5639ba_3.png\", \"name\": \"1ed726231322aa27a7a2215f3a5639ba_3.png\"}, {\"url\": \"https://metaweb-1254980686.cos.ap-shanghai.myqcloud.com/08d752ecd4b75a953c79d99f6b96aa0b_5.png\", \"name\": \"08d752ecd4b75a953c79d99f6b96aa0b_5.png\"}, {\"url\": \"https://metaweb-1254980686.cos.ap-shanghai.myqcloud.com/0de4aea0b85508297bd859f37f017d43_1.png\", \"name\": \"0de4aea0b85508297bd859f37f017d43_1.png\"}, {\"url\": \"https://metaweb-1254980686.cos.ap-shanghai.myqcloud.com/78f4ac95abe7b6b0739cd31791dd6474_6.png\", \"name\": \"78f4ac95abe7b6b0739cd31791dd6474_6.png\"}, {\"url\": \"https://metaweb-1254980686.cos.ap-shanghai.myqcloud.com/12c5114e1797d30d0bec134264679e91_7.png\", \"name\": \"12c5114e1797d30d0bec134264679e91_7.png\"}]", "video": "[{\"url\": \"https://metaweb-1254980686.cos.ap-shanghai.myqcloud.com/e5608de833799fbfe6a03fddd38aee5d_\\u4f5c\\u54c1\\u89c6\\u9891.mp4\", \"name\": \"e5608de833799fbfe6a03fddd38aee5d_\\u4f5c\\u54c1\\u89c6\\u9891.mp4\"}]", "model": "[{\"url\": \"https://metaweb-1254980686.cos.ap-shanghai.myqcloud.com/15267bdc8c4ba422a8caa538df9a88b2_\\u7d20\\u4f532+\\u8fd0\\u955c.blend\", \"name\": \"15267bdc8c4ba422a8caa538df9a88b2_\\u7d20\\u4f532+\\u8fd0\\u955c.blend\"}, {\"url\": \"https://metaweb-1254980686.cos.ap-shanghai.myqcloud.com/0aef3004849d346c80ca8a65a30ac097_\\u9996\\u9970\\u5b9e\\u7269\\u9020\\u578b.blend\", \"name\": \"0aef3004849d346c80ca8a65a30ac097_\\u9996\\u9970\\u5b9e\\u7269\\u9020\\u578b.blend\"}]", "slide": "[{\"url\": \"https://metaweb-1254980686.cos.ap-shanghai.myqcloud.com/be252aea253fb79af0b7bb82c249b130_\\u6700\\u7ec8\\u6c47\\u62a5.pptx\", \"name\": \"be252aea253fb79af0b7bb82c249b130_\\u6700\\u7ec8\\u6c47\\u62a5.pptx\"}]", "pdf": "[{\"url\": \"https://metaweb-1254980686.cos.ap-shanghai.myqcloud.com/840edb0bc6d67e546651ce3a52c75e5f_\\u7ec8\\u671f\\u6c47\\u62a5.pdf\", \"name\": \"840edb0bc6d67e546651ce3a52c75e5f_\\u7ec8\\u671f\\u6c47\\u62a5.pdf\"}]"}}, {"model": "enroll.content", "pk": 46, "fields": {"product": 24, "stage": "mid", "date": "2022-10-15T18:00:00", "album": "[{\"url\": \"https://metaweb-1254980686.cos.ap-shanghai.myqcloud.com/635ddf0f1b6f81ea88dcee753d3d52a9_\\u6750\\u6599-\\u4e2d\\u671f.png\", \"name\": \"635ddf0f1b6f81ea88dcee753d3d52a9_\\u6750\\u6599-\\u4e2d\\u671f.png\"}]", "images": "[{\"url\": \"https://metaweb-1254980686.cos.ap-shanghai.myqcloud.com/591cc7a7d3df0aa91a4dbf4b0341c3ac_\\u6750\\u6599-\\u4e2d\\u671f-4.png\", \"name\": \"591cc7a7d3df0aa91a4dbf4b0341c3ac_\\u6750\\u6599-\\u4e2d\\u671f-4.png\"}, {\"url\": \"https://metaweb-1254980686.cos.ap-shanghai.myqcloud.com/76c713f91078dc757cd47c6881c8d961_\\u6750\\u6599-\\u4e2d\\u671f-3.png\", \"name\": \"76c713f91078dc757cd47c6881c8d961_\\u6750\\u6599-\\u4e2d\\u671f-3.png\"}, {\"url\": \"https://metaweb-1254980686.cos.ap-shanghai.myqcloud.com/63b89bc5141da673beec4567ad1b9870_\\u6750\\u6599-\\u4e2d\\u671f-2.png\", \"name\": \"63b89bc5141da673beec4567ad1b9870_\\u6750\\u6599-\\u4e2d\\u671f-2.png\"}, {\"url\": \"https://metaweb-1254980686.cos.ap-shanghai.myqcloud.com/13fe26e7c76c5f6ab67f32b63ed81d34_\\u6750\\u6599-\\u4e2d\\u671f-1.png\", \"name\": \"13fe26e7c76c5f6ab67f32b63ed81d34_\\u6750\\u6599-\\u4e2d\\u671f-1.png\"}]", "video": null, "model": null, "slide": null, "pdf": null}}, {"model": "enroll.content", "pk": 47, "fields": {"product": 24, "stage": "end", "date": "2022-12-19T02:00:00", "album": "[{\"url\": \"https://metaweb-1254980686.cos.ap-shanghai.myqcloud.com/841c46fd813c5c4c189845c35b331491_\\u4f5c\\u54c1\\u5c01\\u9762\\u56fe a3 300dpi.jpg\", \"name\": \"841c46fd813c5c4c189845c35b331491_\\u4f5c\\u54c1\\u5c01\\u9762\\u56fe a3 300dpi.jpg\"}]", "images": "[{\"url\": \"https://metaweb-1254980686.cos.ap-shanghai.myqcloud.com/e7a2a434f873ae9e08d348b3bb358b74_\\u5185\\u5bb9\\u56fea3-1.jpg\", \"name\": \"e7a2a434f873ae9e08d348b3bb358b74_\\u5185\\u5bb9\\u56fea3-1.jpg\"}, {\"url\": \"https://metaweb-1254980686.cos.ap-shanghai.myqcloud.com/269049352187aeef5a469bd6bed50663_\\u5185\\u5bb9\\u56fea3-2.jpg\", \"name\": \"269049352187aeef5a469bd6bed50663_\\u5185\\u5bb9\\u56fea3-2.jpg\"}, {\"url\": \"https://metaweb-1254980686.cos.ap-shanghai.myqcloud.com/cf955a23c630c664c20a7fa4d6171b40_\\u5185\\u5bb9\\u56fea3-3.jpg\", \"name\": \"cf955a23c630c664c20a7fa4d6171b40_\\u5185\\u5bb9\\u56fea3-3.jpg\"}, {\"url\": \"https://metaweb-1254980686.cos.ap-shanghai.myqcloud.com/e17abcc32d548b271ed671e5264b4897_\\u5185\\u5bb9\\u56fea3.jpg\", \"name\": \"e17abcc32d548b271ed671e5264b4897_\\u5185\\u5bb9\\u56fea3.jpg\"}]", "video": "[{\"url\": \"https://metaweb-1254980686.cos.ap-shanghai.myqcloud.com/1c420cfd99eb531991173c0957de56a2_Glamping-final design video.mp4\", \"name\": \"1c420cfd99eb531991173c0957de56a2_Glamping-final design video.mp4\"}, {\"url\": \"https://metaweb-1254980686.cos.ap-shanghai.myqcloud.com/e9026a4b810cf98c96955bf991397fbc_Glamping-final PRE video.mp4\", \"name\": \"e9026a4b810cf98c96955bf991397fbc_Glamping-final PRE video.mp4\"}]", "model": "[]", "slide": "[]", "pdf": "[{\"url\": \"https://metaweb-1254980686.cos.ap-shanghai.myqcloud.com/fa32c0d47ce8959253de6801a75e1a0e_Glamping-final PRE PPT.pdf\", \"name\": \"fa32c0d47ce8959253de6801a75e1a0e_Glamping-final PRE PPT.pdf\"}]"}}, {"model": "enroll.content", "pk": 48, "fields": {"product": 25, "stage": "mid", "date": "2022-10-15T18:00:00", "album": "[{\"url\": \"https://metaweb-1254980686.cos.ap-shanghai.myqcloud.com/ca4e0a1660e2f543ce07f5b06e7b9200_\\u4e2d\\u671f\\u6c47\\u62a5-DAO\\u548c\\u5171\\u4eab\\u53ef\\u53d8\\u7a7a\\u95f4-\\u5f6d\\u6155\\u9065_\\u9875\\u9762_01.jpg\", \"name\": \"ca4e0a1660e2f543ce07f5b06e7b9200_\\u4e2d\\u671f\\u6c47\\u62a5-DAO\\u548c\\u5171\\u4eab\\u53ef\\u53d8\\u7a7a\\u95f4-\\u5f6d\\u6155\\u9065_\\u9875\\u9762_01.jpg\"}]", "images": "[{\"url\": \"https://metaweb-1254980686.cos.ap-shanghai.myqcloud.com/fd3ab06a45546005933a459fd097328e_\\u4e2d\\u671f\\u6c47\\u62a5-DAO\\u548c\\u5171\\u4eab\\u53ef\\u53d8\\u7a7a\\u95f4-\\u5f6d\\u6155\\u9065_\\u9875\\u9762_03.jpg\", \"name\": \"fd3ab06a45546005933a459fd097328e_\\u4e2d\\u671f\\u6c47\\u62a5-DAO\\u548c\\u5171\\u4eab\\u53ef\\u53d8\\u7a7a\\u95f4-\\u5f6d\\u6155\\u9065_\\u9875\\u9762_03.jpg\"}, {\"url\": \"https://metaweb-1254980686.cos.ap-shanghai.myqcloud.com/18e65d4bb7e0d49a21f982b79c23774e_\\u4e2d\\u671f\\u6c47\\u62a5-DAO\\u548c\\u5171\\u4eab\\u53ef\\u53d8\\u7a7a\\u95f4-\\u5f6d\\u6155\\u9065_\\u9875\\u9762_04.jpg\", \"name\": \"18e65d4bb7e0d49a21f982b79c23774e_\\u4e2d\\u671f\\u6c47\\u62a5-DAO\\u548c\\u5171\\u4eab\\u53ef\\u53d8\\u7a7a\\u95f4-\\u5f6d\\u6155\\u9065_\\u9875\\u9762_04.jpg\"}, {\"url\": \"https://metaweb-1254980686.cos.ap-shanghai.myqcloud.com/bcff8bc40031c4c990b6d63122ba63ae_\\u4e2d\\u671f\\u6c47\\u62a5-DAO\\u548c\\u5171\\u4eab\\u53ef\\u53d8\\u7a7a\\u95f4-\\u5f6d\\u6155\\u9065_\\u9875\\u9762_10.jpg\", \"name\": \"bcff8bc40031c4c990b6d63122ba63ae_\\u4e2d\\u671f\\u6c47\\u62a5-DAO\\u548c\\u5171\\u4eab\\u53ef\\u53d8\\u7a7a\\u95f4-\\u5f6d\\u6155\\u9065_\\u9875\\u9762_10.jpg\"}, {\"url\": \"https://metaweb-1254980686.cos.ap-shanghai.myqcloud.com/d7d55bd23a580397805c4f609d75aac3_\\u4e2d\\u671f\\u6c47\\u62a5-DAO\\u548c\\u5171\\u4eab\\u53ef\\u53d8\\u7a7a\\u95f4-\\u5f6d\\u6155\\u9065_\\u9875\\u9762_11.jpg\", \"name\": \"d7d55bd23a580397805c4f609d75aac3_\\u4e2d\\u671f\\u6c47\\u62a5-DAO\\u548c\\u5171\\u4eab\\u53ef\\u53d8\\u7a7a\\u95f4-\\u5f6d\\u6155\\u9065_\\u9875\\u9762_11.jpg\"}, {\"url\": \"https://metaweb-1254980686.cos.ap-shanghai.myqcloud.com/0e3daf5405a283d97d4fa677618ba14e_\\u4e2d\\u671f\\u6c47\\u62a5-DAO\\u548c\\u5171\\u4eab\\u53ef\\u53d8\\u7a7a\\u95f4-\\u5f6d\\u6155\\u9065_\\u9875\\u9762_15.jpg\", \"name\": \"0e3daf5405a283d97d4fa677618ba14e_\\u4e2d\\u671f\\u6c47\\u62a5-DAO\\u548c\\u5171\\u4eab\\u53ef\\u53d8\\u7a7a\\u95f4-\\u5f6d\\u6155\\u9065_\\u9875\\u9762_15.jpg\"}]", "video": null, "model": null, "slide": null, "pdf": null}}, {"model": "enroll.content", "pk": 49, "fields": {"product": 25, "stage": "end", "date": "2022-12-19T02:00:00", "album": "[{\"url\": \"https://metaweb-1254980686.cos.ap-shanghai.myqcloud.com/8c4d8b6948cdb2f0cf6d8429905c0b16_untitled1.png\", \"name\": \"8c4d8b6948cdb2f0cf6d8429905c0b16_untitled1.png\"}]", "images": "[{\"url\": \"https://metaweb-1254980686.cos.ap-shanghai.myqcloud.com/30d87b84ab956a7744cac08e8eb33236_1.jpg\", \"name\": \"30d87b84ab956a7744cac08e8eb33236_1.jpg\"}, {\"url\": \"https://metaweb-1254980686.cos.ap-shanghai.myqcloud.com/3ae5e3fd2b9653ce2dca79da6a57ac09_3.png\", \"name\": \"3ae5e3fd2b9653ce2dca79da6a57ac09_3.png\"}, {\"url\": \"https://metaweb-1254980686.cos.ap-shanghai.myqcloud.com/e8f8a4a0841aa1dc70a79816d564c619_2.png\", \"name\": \"e8f8a4a0841aa1dc70a79816d564c619_2.png\"}, {\"url\": \"https://metaweb-1254980686.cos.ap-shanghai.myqcloud.com/12b65d30a702a7dd0d83daaa54ab15b9_1.png\", \"name\": \"12b65d30a702a7dd0d83daaa54ab15b9_1.png\"}]", "video": "[{\"url\": \"https://metaweb-1254980686.cos.ap-shanghai.myqcloud.com/3e6c3ad91fc0530585ccc322b0b0fe43_Studio3.mp4\", \"name\": \"3e6c3ad91fc0530585ccc322b0b0fe43_Studio3.mp4\"}]", "model": "[]", "slide": "[{\"url\": \"https://metaweb-1254980686.cos.ap-shanghai.myqcloud.com/25159be967e2f8ae73ff7d20bdd992c7_Studio3.pptx\", \"name\": \"25159be967e2f8ae73ff7d20bdd992c7_Studio3.pptx\"}]", "pdf": "[{\"url\": \"https://metaweb-1254980686.cos.ap-shanghai.myqcloud.com/0a7838975a30d6e69d0b486edc103770_Studio3.pdf\", \"name\": \"0a7838975a30d6e69d0b486edc103770_Studio3.pdf\"}]"}}, {"model": "enroll.content", "pk": 50, "fields": {"product": 26, "stage": "mid", "date": "2022-10-15T18:00:00", "album": "[{\"url\": \"https://metaweb-1254980686.cos.ap-shanghai.myqcloud.com/22a03ff44deeef790ad6bb4a32ac5fbf_20221219190458.jpg\", \"name\": \"22a03ff44deeef790ad6bb4a32ac5fbf_20221219190458.jpg\"}]", "images": "[{\"url\": \"https://metaweb-1254980686.cos.ap-shanghai.myqcloud.com/6eb2240ab7f932fe2635f81cb0deadea_20221219190539.jpg\", \"name\": \"6eb2240ab7f932fe2635f81cb0deadea_20221219190539.jpg\"}, {\"url\": \"https://metaweb-1254980686.cos.ap-shanghai.myqcloud.com/d391c1495ef32c0bd0563d25294f7ec2_20221219190530.jpg\", \"name\": \"d391c1495ef32c0bd0563d25294f7ec2_20221219190530.jpg\"}, {\"url\": \"https://metaweb-1254980686.cos.ap-shanghai.myqcloud.com/b996913875d8fdf20bc381b65f18a65b_20221219190523.jpg\", \"name\": \"b996913875d8fdf20bc381b65f18a65b_20221219190523.jpg\"}]", "video": null, "model": null, "slide": null, "pdf": null}}, {"model": "enroll.content", "pk": 51, "fields": {"product": 26, "stage": "end", "date": "2022-12-19T02:00:00", "album": "[{\"url\": \"https://metaweb-1254980686.cos.ap-shanghai.myqcloud.com/b06706813a66110d47500027459c4b2f_20221219190054.jpg\", \"name\": \"b06706813a66110d47500027459c4b2f_20221219190054.jpg\"}]", "images": "[{\"url\": \"https://metaweb-1254980686.cos.ap-shanghai.myqcloud.com/15080acb2f43f538804561d7849b1d02_20221219190107.jpg\", \"name\": \"15080acb2f43f538804561d7849b1d02_20221219190107.jpg\"}, {\"url\": \"https://metaweb-1254980686.cos.ap-shanghai.myqcloud.com/bbcace7f905519f844572a949d538b01_20221219190116.jpg\", \"name\": \"bbcace7f905519f844572a949d538b01_20221219190116.jpg\"}]", "video": "[]", "model": "[]", "slide": "[]", "pdf": "[{\"url\": \"https://metaweb-1254980686.cos.ap-shanghai.myqcloud.com/fb56fbe36d22425b434453ee3810eeae_\\u7ec8\\u671fPPT\\uff08PDF\\uff09.pdf\", \"name\": \"fb56fbe36d22425b434453ee3810eeae_\\u7ec8\\u671fPPT\\uff08PDF\\uff09.pdf\"}, {\"url\": \"https://metaweb-1254980686.cos.ap-shanghai.myqcloud.com/bdb50091673fd70fa7ad4250ed2d5df2_\\u4e2d\\u671fPPT\\uff08PDF\\uff09.pdf\", \"name\": \"bdb50091673fd70fa7ad4250ed2d5df2_\\u4e2d\\u671fPPT\\uff08PDF\\uff09.pdf\"}]"}}, {"model": "enroll.content", "pk": 52, "fields": {"product": 27, "stage": "mid", "date": "2022-10-15T18:00:00", "album": "[{\"url\": \"https://metaweb-1254980686.cos.ap-shanghai.myqcloud.com/82ba789634d4965f18d2e68efe3243de_\\u4e2d\\u671f\\u4e3b\\u56fe.png\", \"name\": \"82ba789634d4965f18d2e68efe3243de_\\u4e2d\\u671f\\u4e3b\\u56fe.png\"}]", "images": "[{\"url\": \"https://metaweb-1254980686.cos.ap-shanghai.myqcloud.com/89fc51a6370d1d2b7e4c9050b9fc27f0_\\u4e2d\\u671f\\u6210\\u679c2.png\", \"name\": \"89fc51a6370d1d2b7e4c9050b9fc27f0_\\u4e2d\\u671f\\u6210\\u679c2.png\"}, {\"url\": \"https://metaweb-1254980686.cos.ap-shanghai.myqcloud.com/b5c12dac930238ae07dda7cf9619f351_\\u4e2d\\u671f\\u6210\\u679c1.png\", \"name\": \"b5c12dac930238ae07dda7cf9619f351_\\u4e2d\\u671f\\u6210\\u679c1.png\"}]", "video": null, "model": null, "slide": null, "pdf": null}}, {"model": "enroll.content", "pk": 53, "fields": {"product": 27, "stage": "end", "date": "2022-12-19T02:00:00", "album": "[{\"url\": \"https://metaweb-1254980686.cos.ap-shanghai.myqcloud.com/208c83aaadc51cc29f384a392a16481b_\\u4e3b\\u56fe.png\", \"name\": \"208c83aaadc51cc29f384a392a16481b_\\u4e3b\\u56fe.png\"}]", "images": "[{\"url\": \"https://metaweb-1254980686.cos.ap-shanghai.myqcloud.com/9a870a2ec700c772fcab9d81f003f164_\\u4f5c\\u54c1\\u56fe3.png\", \"name\": \"9a870a2ec700c772fcab9d81f003f164_\\u4f5c\\u54c1\\u56fe3.png\"}, {\"url\": \"https://metaweb-1254980686.cos.ap-shanghai.myqcloud.com/075b9525af084ebf05b7d79097eec962_\\u4f5c\\u54c1\\u56fe8.png\", \"name\": \"075b9525af084ebf05b7d79097eec962_\\u4f5c\\u54c1\\u56fe8.png\"}, {\"url\": \"https://metaweb-1254980686.cos.ap-shanghai.myqcloud.com/fd837bccc804f80a7d24fbc1f76313b8_\\u4f5c\\u54c1\\u56fe7.png\", \"name\": \"fd837bccc804f80a7d24fbc1f76313b8_\\u4f5c\\u54c1\\u56fe7.png\"}, {\"url\": \"https://metaweb-1254980686.cos.ap-shanghai.myqcloud.com/c7d02a5daa6b271c4d200caf014c168c_\\u4f5c\\u54c1\\u56fe5.png\", \"name\": \"c7d02a5daa6b271c4d200caf014c168c_\\u4f5c\\u54c1\\u56fe5.png\"}, {\"url\": \"https://metaweb-1254980686.cos.ap-shanghai.myqcloud.com/6d3753615954f9297ed71e0d7ce60c9b_\\u4f5c\\u54c1\\u56fe6.png\", \"name\": \"6d3753615954f9297ed71e0d7ce60c9b_\\u4f5c\\u54c1\\u56fe6.png\"}, {\"url\": \"https://metaweb-1254980686.cos.ap-shanghai.myqcloud.com/3eaf4190a9e5450ff02620edf36c32ca_\\u4f5c\\u54c1\\u56fe1.png\", \"name\": \"3eaf4190a9e5450ff02620edf36c32ca_\\u4f5c\\u54c1\\u56fe1.png\"}, {\"url\": \"https://metaweb-1254980686.cos.ap-shanghai.myqcloud.com/e5902567ee66e46760a83e9ed7322525_\\u4f5c\\u54c1\\u56fe4.png\", \"name\": \"e5902567ee66e46760a83e9ed7322525_\\u4f5c\\u54c1\\u56fe4.png\"}, {\"url\": \"https://metaweb-1254980686.cos.ap-shanghai.myqcloud.com/bf69c5fb97bfae3052d40da261fd5a17_\\u4f5c\\u54c1\\u56fe2.png\", \"name\": \"bf69c5fb97bfae3052d40da261fd5a17_\\u4f5c\\u54c1\\u56fe2.png\"}]", "video": "[{\"url\": \"https://metaweb-1254980686.cos.ap-shanghai.myqcloud.com/60e0b8abe360fe563115630099c497ae_\\u7ec8\\u671f\\u6c47\\u62a5\\u89c6\\u9891.mp4\", \"name\": \"60e0b8abe360fe563115630099c497ae_\\u7ec8\\u671f\\u6c47\\u62a5\\u89c6\\u9891.mp4\"}]", "model": "[]", "slide": "[{\"url\": \"https://metaweb-1254980686.cos.ap-shanghai.myqcloud.com/dfe79feb4a7cddfb11191ad57cae12e0_\\u7ec8\\u671f\\u6c47\\u62a5ppt.pptx\", \"name\": \"dfe79feb4a7cddfb11191ad57cae12e0_\\u7ec8\\u671f\\u6c47\\u62a5ppt.pptx\"}]", "pdf": "[{\"url\": \"https://metaweb-1254980686.cos.ap-shanghai.myqcloud.com/db2419993ea54d809a41107babab737a_\\u7ec8\\u671f\\u6c47\\u62a5pdf.pdf\", \"name\": \"db2419993ea54d809a41107babab737a_\\u7ec8\\u671f\\u6c47\\u62a5pdf.pdf\"}]"}}, {"model": "enroll.content", "pk": 54, "fields": {"product": 28, "stage": "mid", "date": "2022-10-15T18:00:00", "album": "[{\"url\": \"https://metaweb-1254980686.cos.ap-shanghai.myqcloud.com/3a814c83838ca9e04dde16b61c73640e_\\u5c01\\u9762\\u56fe.png\", \"name\": \"3a814c83838ca9e04dde16b61c73640e_\\u5c01\\u9762\\u56fe.png\"}]", "images": "[{\"url\": \"https://metaweb-1254980686.cos.ap-shanghai.myqcloud.com/4411a77d8fca3ad9bcc483e6d45a68f5_\\u4f5c\\u54c1\\u56fe1.png\", \"name\": \"4411a77d8fca3ad9bcc483e6d45a68f5_\\u4f5c\\u54c1\\u56fe1.png\"}, {\"url\": \"https://metaweb-1254980686.cos.ap-shanghai.myqcloud.com/44673d274daf96e824da147f4c5fdc8f_\\u4f5c\\u54c1\\u56fe2.png\", \"name\": \"44673d274daf96e824da147f4c5fdc8f_\\u4f5c\\u54c1\\u56fe2.png\"}, {\"url\": \"https://metaweb-1254980686.cos.ap-shanghai.myqcloud.com/9cb3ae4a179949b410c6858c9032b230_\\u4f5c\\u54c1\\u56fe3.png\", \"name\": \"9cb3ae4a179949b410c6858c9032b230_\\u4f5c\\u54c1\\u56fe3.png\"}]", "video": null, "model": null, "slide": null, "pdf": null}}, {"model": "enroll.content", "pk": 55, "fields": {"product": 28, "stage": "end", "date": "2022-12-19T02:00:00", "album": "[{\"url\": \"https://metaweb-1254980686.cos.ap-shanghai.myqcloud.com/3a814c83838ca9e04dde16b61c73640e_\\u5c01\\u9762\\u56fe.png\", \"name\": \"3a814c83838ca9e04dde16b61c73640e_\\u5c01\\u9762\\u56fe.png\"}]", "images": "[{\"url\": \"https://metaweb-1254980686.cos.ap-shanghai.myqcloud.com/9899272a57bee06d8448489342f53370_\\u4f5c\\u54c1\\u56fe5.png\", \"name\": \"9899272a57bee06d8448489342f53370_\\u4f5c\\u54c1\\u56fe5.png\"}, {\"url\": \"https://metaweb-1254980686.cos.ap-shanghai.myqcloud.com/4411a77d8fca3ad9bcc483e6d45a68f5_\\u4f5c\\u54c1\\u56fe1.png\", \"name\": \"4411a77d8fca3ad9bcc483e6d45a68f5_\\u4f5c\\u54c1\\u56fe1.png\"}, {\"url\": \"https://metaweb-1254980686.cos.ap-shanghai.myqcloud.com/f4e7e7cd3856ad0e211d5a7793fcb5d0_\\u4f5c\\u54c1\\u56fe6.png\", \"name\": \"f4e7e7cd3856ad0e211d5a7793fcb5d0_\\u4f5c\\u54c1\\u56fe6.png\"}, {\"url\": \"https://metaweb-1254980686.cos.ap-shanghai.myqcloud.com/f3d556e323f9717e2be78e2e88a55ddf_\\u4f5c\\u54c1\\u56fe4.png\", \"name\": \"f3d556e323f9717e2be78e2e88a55ddf_\\u4f5c\\u54c1\\u56fe4.png\"}, {\"url\": \"https://metaweb-1254980686.cos.ap-shanghai.myqcloud.com/44673d274daf96e824da147f4c5fdc8f_\\u4f5c\\u54c1\\u56fe2.png\", \"name\": \"44673d274daf96e824da147f4c5fdc8f_\\u4f5c\\u54c1\\u56fe2.png\"}, {\"url\": \"https://metaweb-1254980686.cos.ap-shanghai.myqcloud.com/9cb3ae4a179949b410c6858c9032b230_\\u4f5c\\u54c1\\u56fe3.png\", \"name\": \"9cb3ae4a179949b410c6858c9032b230_\\u4f5c\\u54c1\\u56fe3.png\"}, {\"url\": \"https://metaweb-1254980686.cos.ap-shanghai.myqcloud.com/bdb9740a3e13ad3bff65d9196c7d8f13_\\u4f5c\\u54c1\\u56fe7.png\", \"name\": \"bdb9740a3e13ad3bff65d9196c7d8f13_\\u4f5c\\u54c1\\u56fe7.png\"}]", "video": "[]", "model": "[]", "slide": "[]", "pdf": "[{\"url\": \"https://metaweb-1254980686.cos.ap-shanghai.myqcloud.com/2a6a6f46e06e185c11847eb7d3429a82_\\u6700\\u7ec8\\u65b9\\u6848\\u7b2c\\u4e00\\u7248.pdf\", \"name\": \"2a6a6f46e06e185c11847eb7d3429a82_\\u6700\\u7ec8\\u65b9\\u6848\\u7b2c\\u4e00\\u7248.pdf\"}, {\"url\": \"https://metaweb-1254980686.cos.ap-shanghai.myqcloud.com/cab380ab6e9b6ec96897fc83dc2f0909_\\u6700\\u7ec8\\u6c47\\u62a5\\uff08\\u8bf7\\u52ff\\u53d1\\u5e03\\u7f51\\u7edc\\uff09.pdf\", \"name\": \"cab380ab6e9b6ec96897fc83dc2f0909_\\u6700\\u7ec8\\u6c47\\u62a5\\uff08\\u8bf7\\u52ff\\u53d1\\u5e03\\u7f51\\u7edc\\uff09.pdf\"}]"}}, {"model": "enroll.content", "pk": 56, "fields": {"product": 29, "stage": "mid", "date": "2022-10-15T00:00:00", "album": "[{\"url\": \"https://metaweb-1254980686.cos.ap-shanghai.myqcloud.com/f1ef292d5d0f87903eb12d0732adaf55_\\u6d77\\u62a5.png\", \"name\": \"f1ef292d5d0f87903eb12d0732adaf55_\\u6d77\\u62a5.png\"}]", "images": "[{\"url\": \"https://metaweb-1254980686.cos.ap-shanghai.myqcloud.com/0dbcdb7dab306ac61c3021126ff35205_\\u4f5c\\u54c1\\u56fe 2.png\", \"name\": \"0dbcdb7dab306ac61c3021126ff35205_\\u4f5c\\u54c1\\u56fe 2.png\"}, {\"url\": \"https://metaweb-1254980686.cos.ap-shanghai.myqcloud.com/9424f46398c4c00b91d27f4c2a718363_\\u4f5c\\u54c1\\u56fe 1.png\", \"name\": \"9424f46398c4c00b91d27f4c2a718363_\\u4f5c\\u54c1\\u56fe 1.png\"}, {\"url\": \"https://metaweb-1254980686.cos.ap-shanghai.myqcloud.com/9d0a4d835aa305e432cc2bca1a352afa_\\u4f5c\\u54c1\\u56fe 3.png\", \"name\": \"9d0a4d835aa305e432cc2bca1a352afa_\\u4f5c\\u54c1\\u56fe 3.png\"}]", "video": null, "model": null, "slide": null, "pdf": null}}, {"model": "enroll.content", "pk": 57, "fields": {"product": 29, "stage": "end", "date": "2022-12-23T00:00:00", "album": "[{\"url\": \"https://metaweb-1254980686.cos.ap-shanghai.myqcloud.com/f1ef292d5d0f87903eb12d0732adaf55_\\u6d77\\u62a5.png\", \"name\": \"f1ef292d5d0f87903eb12d0732adaf55_\\u6d77\\u62a5.png\"}]", "images": "[{\"url\": \"https://metaweb-1254980686.cos.ap-shanghai.myqcloud.com/9424f46398c4c00b91d27f4c2a718363_\\u4f5c\\u54c1\\u56fe 1.png\", \"name\": \"9424f46398c4c00b91d27f4c2a718363_\\u4f5c\\u54c1\\u56fe 1.png\"}, {\"url\": \"https://metaweb-1254980686.cos.ap-shanghai.myqcloud.com/0dbcdb7dab306ac61c3021126ff35205_\\u4f5c\\u54c1\\u56fe 2.png\", \"name\": \"0dbcdb7dab306ac61c3021126ff35205_\\u4f5c\\u54c1\\u56fe 2.png\"}, {\"url\": \"https://metaweb-1254980686.cos.ap-shanghai.myqcloud.com/9d0a4d835aa305e432cc2bca1a352afa_\\u4f5c\\u54c1\\u56fe 3.png\", \"name\": \"9d0a4d835aa305e432cc2bca1a352afa_\\u4f5c\\u54c1\\u56fe 3.png\"}]", "video": "[{\"url\": \"https://metaweb-1254980686.cos.ap-shanghai.myqcloud.com/19441a198e0993cacbb1bb6f021e130b_\\u603b\\u89c6\\u9891.mp4\", \"name\": \"19441a198e0993cacbb1bb6f021e130b_\\u603b\\u89c6\\u9891.mp4\"}]", "model": "[]", "slide": "[]", "pdf": "[{\"url\": \"https://metaweb-1254980686.cos.ap-shanghai.myqcloud.com/27ed80493449c5d3eeab6ef2ae737130_\\u7ec8\\u671f\\u6c47\\u62a5ppt.pdf\", \"name\": \"27ed80493449c5d3eeab6ef2ae737130_\\u7ec8\\u671f\\u6c47\\u62a5ppt.pdf\"}]"}}, {"model": "enroll.content", "pk": 58, "fields": {"product": 30, "stage": "mid", "date": "2022-12-28T00:00:00", "album": "[{\"url\": \"https://metaweb-1254980686.cos.ap-shanghai.myqcloud.com/b815e3ead7aa545fee008afb7bd2adbe_\\u4e2d\\u671f\\u6c47\\u62a5A3.jpg\", \"name\": \"b815e3ead7aa545fee008afb7bd2adbe_\\u4e2d\\u671f\\u6c47\\u62a5A3.jpg\"}]", "images": "[{\"url\": \"https://metaweb-1254980686.cos.ap-shanghai.myqcloud.com/54bab3e534ea02113ed9b42dfe8d5fcb_1760761207.jpg\", \"name\": \"54bab3e534ea02113ed9b42dfe8d5fcb_1760761207.jpg\"}, {\"url\": \"https://metaweb-1254980686.cos.ap-shanghai.myqcloud.com/99a36e6ef14b68ae4970a1f76072bcc4_1760761209.jpg\", \"name\": \"99a36e6ef14b68ae4970a1f76072bcc4_1760761209.jpg\"}, {\"url\": \"https://metaweb-1254980686.cos.ap-shanghai.myqcloud.com/64f0650238c4ad31610f1152ac32249a_1760761208.jpg\", \"name\": \"64f0650238c4ad31610f1152ac32249a_1760761208.jpg\"}]", "video": null, "model": null, "slide": null, "pdf": null}}, {"model": "enroll.content", "pk": 59, "fields": {"product": 30, "stage": "end", "date": "2022-12-16T00:00:00", "album": "[{\"url\": \"https://metaweb-1254980686.cos.ap-shanghai.myqcloud.com/68d2896e05fc3bb619b443797728190a_1760761197.jpg\", \"name\": \"68d2896e05fc3bb619b443797728190a_1760761197.jpg\"}]", "images": "[{\"url\": \"https://metaweb-1254980686.cos.ap-shanghai.myqcloud.com/d0e80c1ab9590f2f60d99e141e780213_1760761206.jpg\", \"name\": \"d0e80c1ab9590f2f60d99e141e780213_1760761206.jpg\"}]", "video": "[{\"url\": \"https://metaweb-1254980686.cos.ap-shanghai.myqcloud.com/34495f9f564b4f4947a0b220a1ce22e8_\\u89c6\\u9891Endless.mp4\", \"name\": \"34495f9f564b4f4947a0b220a1ce22e8_\\u89c6\\u9891Endless.mp4\"}]", "model": "[]", "slide": "[]", "pdf": "[{\"url\": \"https://metaweb-1254980686.cos.ap-shanghai.myqcloud.com/00946ba83d62918c1b65722d3acd1add_2133669 \\u5434\\u9e4f\\u98de.pdf\", \"name\": \"00946ba83d62918c1b65722d3acd1add_2133669 \\u5434\\u9e4f\\u98de.pdf\"}]"}}, {"model": "enroll.content", "pk": 60, "fields": {"product": 31, "stage": "mid", "date": "2018-10-24T00:00:00", "album": "[{\"url\": \"https://metaweb-1254980686.cos.ap-shanghai.myqcloud.com/e4fc842652aa369392f81af707e0f550_d043ad4bd11373f05b6a5d4aaa0f4bfbfaed0489.jpeg\", \"name\": \"e4fc842652aa369392f81af707e0f550_d043ad4bd11373f05b6a5d4aaa0f4bfbfaed0489.jpeg\"}]", "images": "[{\"url\": \"https://metaweb-1254980686.cos.ap-shanghai.myqcloud.com/e4fc842652aa369392f81af707e0f550_d043ad4bd11373f05b6a5d4aaa0f4bfbfaed0489.jpeg\", \"name\": \"e4fc842652aa369392f81af707e0f550_d043ad4bd11373f05b6a5d4aaa0f4bfbfaed0489.jpeg\"}]", "video": null, "model": null, "slide": null, "pdf": null}}, {"model": "enroll.content", "pk": 61, "fields": {"product": 31, "stage": "end", "date": "2018-10-24T00:00:00", "album": "[{\"url\": \"https://metaweb-1254980686.cos.ap-shanghai.myqcloud.com/e4fc842652aa369392f81af707e0f550_d043ad4bd11373f05b6a5d4aaa0f4bfbfaed0489.jpeg\", \"name\": \"e4fc842652aa369392f81af707e0f550_d043ad4bd11373f05b6a5d4aaa0f4bfbfaed0489.jpeg\"}]", "images": "[{\"url\": \"https://metaweb-1254980686.cos.ap-shanghai.myqcloud.com/e4fc842652aa369392f81af707e0f550_d043ad4bd11373f05b6a5d4aaa0f4bfbfaed0489.jpeg\", \"name\": \"e4fc842652aa369392f81af707e0f550_d043ad4bd11373f05b6a5d4aaa0f4bfbfaed0489.jpeg\"}]", "video": "[{\"url\": \"https://metaweb-1254980686.cos.ap-shanghai.myqcloud.com/26e9eab5ec4d0e3190fd3f02be7b7e6a_\\u6e2f\\u73e0\\u6fb3\\u5927\\u6865.mp4\", \"name\": \"26e9eab5ec4d0e3190fd3f02be7b7e6a_\\u6e2f\\u73e0\\u6fb3\\u5927\\u6865.mp4\"}]", "model": "[]", "slide": "[]", "pdf": "[]"}}, {"model": "enroll.content", "pk": 62, "fields": {"product": 32, "stage": "mid", "date": "2012-03-31T00:00:00", "album": "[{\"url\": \"https://metaweb-1254980686.cos.ap-shanghai.myqcloud.com/75c38a7bbd60d76cc9eab4ca57fcece1_377adab44aed2e732830ed798801a18b86d6fa8e.jpeg\", \"name\": \"75c38a7bbd60d76cc9eab4ca57fcece1_377adab44aed2e732830ed798801a18b86d6fa8e.jpeg\"}]", "images": "[{\"url\": \"https://metaweb-1254980686.cos.ap-shanghai.myqcloud.com/75c38a7bbd60d76cc9eab4ca57fcece1_377adab44aed2e732830ed798801a18b86d6fa8e.jpeg\", \"name\": \"75c38a7bbd60d76cc9eab4ca57fcece1_377adab44aed2e732830ed798801a18b86d6fa8e.jpeg\"}]", "video": null, "model": null, "slide": null, "pdf": null}}, {"model": "enroll.content", "pk": 63, "fields": {"product": 32, "stage": "end", "date": "2012-03-31T00:00:00", "album": "[{\"url\": \"https://metaweb-1254980686.cos.ap-shanghai.myqcloud.com/75c38a7bbd60d76cc9eab4ca57fcece1_377adab44aed2e732830ed798801a18b86d6fa8e.jpeg\", \"name\": \"75c38a7bbd60d76cc9eab4ca57fcece1_377adab44aed2e732830ed798801a18b86d6fa8e.jpeg\"}]", "images": "[{\"url\": \"https://metaweb-1254980686.cos.ap-shanghai.myqcloud.com/75c38a7bbd60d76cc9eab4ca57fcece1_377adab44aed2e732830ed798801a18b86d6fa8e.jpeg\", \"name\": \"75c38a7bbd60d76cc9eab4ca57fcece1_377adab44aed2e732830ed798801a18b86d6fa8e.jpeg\"}]", "video": "[{\"url\": \"https://metaweb-1254980686.cos.ap-shanghai.myqcloud.com/93ef801309b96968a5531c6cf7f79a5c_\\u77ee\\u5be8\\u5927\\u6865.mp4\", \"name\": \"93ef801309b96968a5531c6cf7f79a5c_\\u77ee\\u5be8\\u5927\\u6865.mp4\"}]", "model": "[]", "slide": "[]", "pdf": "[]"}}, {"model": "enroll.content", "pk": 64, "fields": {"product": 33, "stage": "mid", "date": "2008-05-01T00:00:00", "album": "[{\"url\": \"https://metaweb-1254980686.cos.ap-shanghai.myqcloud.com/41045db6cf99ef00c25389554ebd663c_4ec2d5628535e5dd73ed7e2d70c6a7efcf1b627b.jpeg\", \"name\": \"41045db6cf99ef00c25389554ebd663c_4ec2d5628535e5dd73ed7e2d70c6a7efcf1b627b.jpeg\"}]", "images": "[{\"url\": \"https://metaweb-1254980686.cos.ap-shanghai.myqcloud.com/41045db6cf99ef00c25389554ebd663c_4ec2d5628535e5dd73ed7e2d70c6a7efcf1b627b.jpeg\", \"name\": \"41045db6cf99ef00c25389554ebd663c_4ec2d5628535e5dd73ed7e2d70c6a7efcf1b627b.jpeg\"}]", "video": null, "model": null, "slide": null, "pdf": null}}, {"model": "enroll.content", "pk": 65, "fields": {"product": 33, "stage": "end", "date": "2008-05-01T00:00:00", "album": "[{\"url\": \"https://metaweb-1254980686.cos.ap-shanghai.myqcloud.com/41045db6cf99ef00c25389554ebd663c_4ec2d5628535e5dd73ed7e2d70c6a7efcf1b627b.jpeg\", \"name\": \"41045db6cf99ef00c25389554ebd663c_4ec2d5628535e5dd73ed7e2d70c6a7efcf1b627b.jpeg\"}]", "images": "[{\"url\": \"https://metaweb-1254980686.cos.ap-shanghai.myqcloud.com/41045db6cf99ef00c25389554ebd663c_4ec2d5628535e5dd73ed7e2d70c6a7efcf1b627b.jpeg\", \"name\": \"41045db6cf99ef00c25389554ebd663c_4ec2d5628535e5dd73ed7e2d70c6a7efcf1b627b.jpeg\"}]", "video": "[{\"url\": \"https://metaweb-1254980686.cos.ap-shanghai.myqcloud.com/576d1d2e9cb05666f157a18cbd8ec9cd_\\u676d\\u5dde\\u6e7e\\u5927\\u6865.mp4\", \"name\": \"576d1d2e9cb05666f157a18cbd8ec9cd_\\u676d\\u5dde\\u6e7e\\u5927\\u6865.mp4\"}]", "model": "[]", "slide": "[]", "pdf": "[]"}}, {"model": "enroll.content", "pk": 66, "fields": {"product": 34, "stage": "mid", "date": "2022-01-01T00:00:00", "album": "[{\"url\": \"https://metaweb-1254980686.cos.ap-shanghai.myqcloud.com/fcec8889c71b633de062a3cc491c3647_435.png\", \"name\": \"fcec8889c71b633de062a3cc491c3647_435.png\"}]", "images": "[{\"url\": \"https://metaweb-1254980686.cos.ap-shanghai.myqcloud.com/fcec8889c71b633de062a3cc491c3647_435.png\", \"name\": \"fcec8889c71b633de062a3cc491c3647_435.png\"}]", "video": null, "model": null, "slide": null, "pdf": null}}, {"model": "enroll.content", "pk": 67, "fields": {"product": 34, "stage": "end", "date": "2022-01-01T00:00:00", "album": "[{\"url\": \"https://metaweb-1254980686.cos.ap-shanghai.myqcloud.com/fcec8889c71b633de062a3cc491c3647_435.png\", \"name\": \"fcec8889c71b633de062a3cc491c3647_435.png\"}]", "images": "[{\"url\": \"https://metaweb-1254980686.cos.ap-shanghai.myqcloud.com/fcec8889c71b633de062a3cc491c3647_435.png\", \"name\": \"fcec8889c71b633de062a3cc491c3647_435.png\"}]", "video": "[{\"url\": \"https://metaweb-1254980686.cos.ap-shanghai.myqcloud.com/f0647329a3ecda56e4691757902c6383_\\u53a6\\u95e85G.mp4\", \"name\": \"f0647329a3ecda56e4691757902c6383_\\u53a6\\u95e85G.mp4\"}]", "model": "[]", "slide": "[]", "pdf": "[]"}}, {"model": "enroll.content", "pk": 68, "fields": {"product": 35, "stage": "mid", "date": "2008-03-01T00:00:00", "album": "[{\"url\": \"https://metaweb-1254980686.cos.ap-shanghai.myqcloud.com/20841a23268f69f7f38aa7938c0d5539_42a98226cffc1e179d9350b04b90f603738de907.jpeg\", \"name\": \"20841a23268f69f7f38aa7938c0d5539_42a98226cffc1e179d9350b04b90f603738de907.jpeg\"}]", "images": "[{\"url\": \"https://metaweb-1254980686.cos.ap-shanghai.myqcloud.com/20841a23268f69f7f38aa7938c0d5539_42a98226cffc1e179d9350b04b90f603738de907.jpeg\", \"name\": \"20841a23268f69f7f38aa7938c0d5539_42a98226cffc1e179d9350b04b90f603738de907.jpeg\"}]", "video": null, "model": null, "slide": null, "pdf": null}}, {"model": "enroll.content", "pk": 69, "fields": {"product": 35, "stage": "end", "date": "2008-03-01T00:00:00", "album": "[{\"url\": \"https://metaweb-1254980686.cos.ap-shanghai.myqcloud.com/20841a23268f69f7f38aa7938c0d5539_42a98226cffc1e179d9350b04b90f603738de907.jpeg\", \"name\": \"20841a23268f69f7f38aa7938c0d5539_42a98226cffc1e179d9350b04b90f603738de907.jpeg\"}]", "images": "[{\"url\": \"https://metaweb-1254980686.cos.ap-shanghai.myqcloud.com/20841a23268f69f7f38aa7938c0d5539_42a98226cffc1e179d9350b04b90f603738de907.jpeg\", \"name\": \"20841a23268f69f7f38aa7938c0d5539_42a98226cffc1e179d9350b04b90f603738de907.jpeg\"}]", "video": "[]", "model": "[]", "slide": "[]", "pdf": "[]"}}, {"model": "enroll.content", "pk": 70, "fields": {"product": 36, "stage": "mid", "date": "2020-03-01T00:00:00", "album": "[{\"url\": \"https://metaweb-1254980686.cos.ap-shanghai.myqcloud.com/c8ef48fa40104ff16f71188e246eb011_b64543a98226cffc1e17b5de11495d90f603738dbc0d.jpeg\", \"name\": \"c8ef48fa40104ff16f71188e246eb011_b64543a98226cffc1e17b5de11495d90f603738dbc0d.jpeg\"}]", "images": "[{\"url\": \"https://metaweb-1254980686.cos.ap-shanghai.myqcloud.com/c8ef48fa40104ff16f71188e246eb011_b64543a98226cffc1e17b5de11495d90f603738dbc0d.jpeg\", \"name\": \"c8ef48fa40104ff16f71188e246eb011_b64543a98226cffc1e17b5de11495d90f603738dbc0d.jpeg\"}]", "video": null, "model": null, "slide": null, "pdf": null}}, {"model": "enroll.content", "pk": 71, "fields": {"product": 36, "stage": "end", "date": "2020-03-01T00:00:00", "album": "[{\"url\": \"https://metaweb-1254980686.cos.ap-shanghai.myqcloud.com/c8ef48fa40104ff16f71188e246eb011_b64543a98226cffc1e17b5de11495d90f603738dbc0d.jpeg\", \"name\": \"c8ef48fa40104ff16f71188e246eb011_b64543a98226cffc1e17b5de11495d90f603738dbc0d.jpeg\"}]", "images": "[{\"url\": \"https://metaweb-1254980686.cos.ap-shanghai.myqcloud.com/c8ef48fa40104ff16f71188e246eb011_b64543a98226cffc1e17b5de11495d90f603738dbc0d.jpeg\", \"name\": \"c8ef48fa40104ff16f71188e246eb011_b64543a98226cffc1e17b5de11495d90f603738dbc0d.jpeg\"}]", "video": "[{\"url\": \"https://metaweb-1254980686.cos.ap-shanghai.myqcloud.com/776b91a4bf4b0d44f358aed85299038a_\\u84dd\\u9cb82\\u53f7\\u94bb\\u4e95\\u5e73\\u53f0.mp4\", \"name\": \"776b91a4bf4b0d44f358aed85299038a_\\u84dd\\u9cb82\\u53f7\\u94bb\\u4e95\\u5e73\\u53f0.mp4\"}]", "model": "[]", "slide": "[]", "pdf": "[]"}}, {"model": "enroll.content", "pk": 72, "fields": {"product": 37, "stage": "mid", "date": "2050-01-01T00:00:00", "album": "[{\"url\": \"https://metaweb-1254980686.cos.ap-shanghai.myqcloud.com/941ef4dec976f10b904582fe92d84060_bd3eb13533fa828ba61e47c9554c5634970a304eecc7.png\", \"name\": \"941ef4dec976f10b904582fe92d84060_bd3eb13533fa828ba61e47c9554c5634970a304eecc7.png\"}]", "images": "[{\"url\": \"https://metaweb-1254980686.cos.ap-shanghai.myqcloud.com/941ef4dec976f10b904582fe92d84060_bd3eb13533fa828ba61e47c9554c5634970a304eecc7.png\", \"name\": \"941ef4dec976f10b904582fe92d84060_bd3eb13533fa828ba61e47c9554c5634970a304eecc7.png\"}]", "video": null, "model": null, "slide": null, "pdf": null}}, {"model": "enroll.content", "pk": 73, "fields": {"product": 37, "stage": "end", "date": "2050-01-01T00:00:00", "album": "[{\"url\": \"https://metaweb-1254980686.cos.ap-shanghai.myqcloud.com/941ef4dec976f10b904582fe92d84060_bd3eb13533fa828ba61e47c9554c5634970a304eecc7.png\", \"name\": \"941ef4dec976f10b904582fe92d84060_bd3eb13533fa828ba61e47c9554c5634970a304eecc7.png\"}]", "images": "[{\"url\": \"https://metaweb-1254980686.cos.ap-shanghai.myqcloud.com/941ef4dec976f10b904582fe92d84060_bd3eb13533fa828ba61e47c9554c5634970a304eecc7.png\", \"name\": \"941ef4dec976f10b904582fe92d84060_bd3eb13533fa828ba61e47c9554c5634970a304eecc7.png\"}]", "video": "[{\"url\": \"https://metaweb-1254980686.cos.ap-shanghai.myqcloud.com/6d06189d07db453d556450e8c6e7c833_\\u5929\\u5bab2\\u53f7&\\u795e\\u5dde\\u5341\\u4e00\\u53f7.mp4\", \"name\": \"6d06189d07db453d556450e8c6e7c833_\\u5929\\u5bab2\\u53f7&\\u795e\\u5dde\\u5341\\u4e00\\u53f7.mp4\"}]", "model": "[]", "slide": "[]", "pdf": "[]"}}, {"model": "enroll.content", "pk": 74, "fields": {"product": 38, "stage": "mid", "date": "2000-01-01T00:00:00", "album": "[{\"url\": \"https://metaweb-1254980686.cos.ap-shanghai.myqcloud.com/98ec9613bddaf727948d2f28f362fb14_image.png\", \"name\": \"98ec9613bddaf727948d2f28f362fb14_image.png\"}]", "images": "[{\"url\": \"https://metaweb-1254980686.cos.ap-shanghai.myqcloud.com/98ec9613bddaf727948d2f28f362fb14_image.png\", \"name\": \"98ec9613bddaf727948d2f28f362fb14_image.png\"}]", "video": null, "model": null, "slide": null, "pdf": null}}, {"model": "enroll.content", "pk": 75, "fields": {"product": 38, "stage": "end", "date": "2000-01-01T00:00:00", "album": "[{\"url\": \"https://metaweb-1254980686.cos.ap-shanghai.myqcloud.com/98ec9613bddaf727948d2f28f362fb14_image.png\", \"name\": \"98ec9613bddaf727948d2f28f362fb14_image.png\"}]", "images": "[{\"url\": \"https://metaweb-1254980686.cos.ap-shanghai.myqcloud.com/98ec9613bddaf727948d2f28f362fb14_image.png\", \"name\": \"98ec9613bddaf727948d2f28f362fb14_image.png\"}]", "video": "[]", "model": "[]", "slide": "[]", "pdf": "[]"}}, {"model": "enroll.content", "pk": 76, "fields": {"product": 39, "stage": "mid", "date": "2022-10-17T00:00:00", "album": "[{\"url\": \"https://metaweb-1254980686.cos.ap-shanghai.myqcloud.com/b2af004cc7bd719632b044577d0bcbe1_\\u5c01\\u9762.png\", \"name\": \"b2af004cc7bd719632b044577d0bcbe1_\\u5c01\\u9762.png\"}]", "images": "[{\"url\": \"https://metaweb-1254980686.cos.ap-shanghai.myqcloud.com/260283bd32775a29e8872065023a0751_8.png\", \"name\": \"260283bd32775a29e8872065023a0751_8.png\"}, {\"url\": \"https://metaweb-1254980686.cos.ap-shanghai.myqcloud.com/b2af004cc7bd719632b044577d0bcbe1_9.png\", \"name\": \"b2af004cc7bd719632b044577d0bcbe1_9.png\"}, {\"url\": \"https://metaweb-1254980686.cos.ap-shanghai.myqcloud.com/1bf31db47a2826c6ff31351881df3fee_2.png\", \"name\": \"1bf31db47a2826c6ff31351881df3fee_2.png\"}, {\"url\": \"https://metaweb-1254980686.cos.ap-shanghai.myqcloud.com/010eeeb9f949601ba88fa230df2b5536_7.png\", \"name\": \"010eeeb9f949601ba88fa230df2b5536_7.png\"}, {\"url\": \"https://metaweb-1254980686.cos.ap-shanghai.myqcloud.com/298dc88b9b1c0eae66ecf15282737147_3.png\", \"name\": \"298dc88b9b1c0eae66ecf15282737147_3.png\"}, {\"url\": \"https://metaweb-1254980686.cos.ap-shanghai.myqcloud.com/44b075234a61a95f9971cb5a2ea086bf_10.png\", \"name\": \"44b075234a61a95f9971cb5a2ea086bf_10.png\"}, {\"url\": \"https://metaweb-1254980686.cos.ap-shanghai.myqcloud.com/c6d1c368f2eef70ec6439e84286e76c1_1.png\", \"name\": \"c6d1c368f2eef70ec6439e84286e76c1_1.png\"}, {\"url\": \"https://metaweb-1254980686.cos.ap-shanghai.myqcloud.com/cf955a84d7920a0222f91e3947ce55ad_5.png\", \"name\": \"cf955a84d7920a0222f91e3947ce55ad_5.png\"}, {\"url\": \"https://metaweb-1254980686.cos.ap-shanghai.myqcloud.com/a49ca41e1b30f7a60fee728ad8565b54_6.png\", \"name\": \"a49ca41e1b30f7a60fee728ad8565b54_6.png\"}, {\"url\": \"https://metaweb-1254980686.cos.ap-shanghai.myqcloud.com/3f43c76322cef2e48cdc679975994f55_4.png\", \"name\": \"3f43c76322cef2e48cdc679975994f55_4.png\"}]", "video": null, "model": null, "slide": null, "pdf": null}}, {"model": "enroll.content", "pk": 77, "fields": {"product": 39, "stage": "end", "date": "2022-12-28T00:00:00", "album": "[{\"url\": \"https://metaweb-1254980686.cos.ap-shanghai.myqcloud.com/b2af004cc7bd719632b044577d0bcbe1_\\u5c01\\u9762.png\", \"name\": \"b2af004cc7bd719632b044577d0bcbe1_\\u5c01\\u9762.png\"}]", "images": "[{\"url\": \"https://metaweb-1254980686.cos.ap-shanghai.myqcloud.com/010eeeb9f949601ba88fa230df2b5536_7.png\", \"name\": \"010eeeb9f949601ba88fa230df2b5536_7.png\"}, {\"url\": \"https://metaweb-1254980686.cos.ap-shanghai.myqcloud.com/b2af004cc7bd719632b044577d0bcbe1_9.png\", \"name\": \"b2af004cc7bd719632b044577d0bcbe1_9.png\"}, {\"url\": \"https://metaweb-1254980686.cos.ap-shanghai.myqcloud.com/260283bd32775a29e8872065023a0751_8.png\", \"name\": \"260283bd32775a29e8872065023a0751_8.png\"}, {\"url\": \"https://metaweb-1254980686.cos.ap-shanghai.myqcloud.com/298dc88b9b1c0eae66ecf15282737147_3.png\", \"name\": \"298dc88b9b1c0eae66ecf15282737147_3.png\"}, {\"url\": \"https://metaweb-1254980686.cos.ap-shanghai.myqcloud.com/1bf31db47a2826c6ff31351881df3fee_2.png\", \"name\": \"1bf31db47a2826c6ff31351881df3fee_2.png\"}, {\"url\": \"https://metaweb-1254980686.cos.ap-shanghai.myqcloud.com/44b075234a61a95f9971cb5a2ea086bf_10.png\", \"name\": \"44b075234a61a95f9971cb5a2ea086bf_10.png\"}, {\"url\": \"https://metaweb-1254980686.cos.ap-shanghai.myqcloud.com/c6d1c368f2eef70ec6439e84286e76c1_1.png\", \"name\": \"c6d1c368f2eef70ec6439e84286e76c1_1.png\"}, {\"url\": \"https://metaweb-1254980686.cos.ap-shanghai.myqcloud.com/cf955a84d7920a0222f91e3947ce55ad_5.png\", \"name\": \"cf955a84d7920a0222f91e3947ce55ad_5.png\"}, {\"url\": \"https://metaweb-1254980686.cos.ap-shanghai.myqcloud.com/3f43c76322cef2e48cdc679975994f55_4.png\", \"name\": \"3f43c76322cef2e48cdc679975994f55_4.png\"}, {\"url\": \"https://metaweb-1254980686.cos.ap-shanghai.myqcloud.com/a49ca41e1b30f7a60fee728ad8565b54_6.png\", \"name\": \"a49ca41e1b30f7a60fee728ad8565b54_6.png\"}, {\"url\": \"https://metaweb-1254980686.cos.ap-shanghai.myqcloud.com/a9f8db7ccac5abc0411b0fa5f17f8279_IMG_9287.JPG\", \"name\": \"a9f8db7ccac5abc0411b0fa5f17f8279_IMG_9287.JPG\"}, {\"url\": \"https://metaweb-1254980686.cos.ap-shanghai.myqcloud.com/34f0537a68c8d9bcbb70eb56a911bbf2_IMG_9288.JPG\", \"name\": \"34f0537a68c8d9bcbb70eb56a911bbf2_IMG_9288.JPG\"}, {\"url\": \"https://metaweb-1254980686.cos.ap-shanghai.myqcloud.com/01b74c8f18d129460955bff3860db909_IMG_9292.JPG\", \"name\": \"01b74c8f18d129460955bff3860db909_IMG_9292.JPG\"}, {\"url\": \"https://metaweb-1254980686.cos.ap-shanghai.myqcloud.com/efba69cc947390c453dac5efca47f2cd_IMG_9283\\u526f\\u672c.jpg\", \"name\": \"efba69cc947390c453dac5efca47f2cd_IMG_9283\\u526f\\u672c.jpg\"}, {\"url\": \"https://metaweb-1254980686.cos.ap-shanghai.myqcloud.com/61ea780901c4debf5e644a8b5db71bf2_IMG_9291\\u526f\\u672c.jpg\", \"name\": \"61ea780901c4debf5e644a8b5db71bf2_IMG_9291\\u526f\\u672c.jpg\"}, {\"url\": \"https://metaweb-1254980686.cos.ap-shanghai.myqcloud.com/c8d88f4144562a6be43f9ae6c3c6e9f4_IMG_9275.JPG\", \"name\": \"c8d88f4144562a6be43f9ae6c3c6e9f4_IMG_9275.JPG\"}, {\"url\": \"https://metaweb-1254980686.cos.ap-shanghai.myqcloud.com/7ea076db33a4cac42b2be9b991b03dbe_IMG_9289.JPG\", \"name\": \"7ea076db33a4cac42b2be9b991b03dbe_IMG_9289.JPG\"}, {\"url\": \"https://metaweb-1254980686.cos.ap-shanghai.myqcloud.com/268580353c5d1d314a7e86385aad7b85_IMG_9290.JPG\", \"name\": \"268580353c5d1d314a7e86385aad7b85_IMG_9290.JPG\"}]", "video": "[{\"url\": \"https://metaweb-1254980686.cos.ap-shanghai.myqcloud.com/0a27624e68c3d9800150c8feef6dd39d_\\u89c6\\u9891.mp4\", \"name\": \"0a27624e68c3d9800150c8feef6dd39d_\\u89c6\\u9891.mp4\"}, {\"url\": \"https://metaweb-1254980686.cos.ap-shanghai.myqcloud.com/ead2d09ee7429682f2b245c459b28009_AR\\u89c6\\u9891.mp4\", \"name\": \"ead2d09ee7429682f2b245c459b28009_AR\\u89c6\\u9891.mp4\"}, {\"url\": \"https://metaweb-1254980686.cos.ap-shanghai.myqcloud.com/54a6ffc90d2ed1ee02d482e13977a58b_AR\\u89c6\\u98912.mp4\", \"name\": \"54a6ffc90d2ed1ee02d482e13977a58b_AR\\u89c6\\u98912.mp4\"}]", "model": "[{\"url\": \"https://metaweb-1254980686.cos.ap-shanghai.myqcloud.com/6ee7c25fbd37e52d12cf654bd68d3b22_\\u5168\\u573a\\u666f.blend\", \"name\": \"6ee7c25fbd37e52d12cf654bd68d3b22_\\u5168\\u573a\\u666f.blend\"}, {\"url\": \"https://metaweb-1254980686.cos.ap-shanghai.myqcloud.com/d2c26a7b21353ccde88e63698e44a7e5_\\u5012\\u6a21\\u6a21\\u578b.stl\", \"name\": \"d2c26a7b21353ccde88e63698e44a7e5_\\u5012\\u6a21\\u6a21\\u578b.stl\"}, {\"url\": \"https://metaweb-1254980686.cos.ap-shanghai.myqcloud.com/ad4636f1446c451f6399e919df8b0c0b_\\u667a\\u80fd\\u4ea7\\u54c1\\u53c2\\u6570\\u5316\\u6a21\\u578b.stl\", \"name\": \"ad4636f1446c451f6399e919df8b0c0b_\\u667a\\u80fd\\u4ea7\\u54c1\\u53c2\\u6570\\u5316\\u6a21\\u578b.stl\"}, {\"url\": \"https://metaweb-1254980686.cos.ap-shanghai.myqcloud.com/7a8600c4c9bff5fd39b2a97d6af7b70b_\\u667a\\u80fd\\u4ea7\\u54c1\\u6a21\\u578b.3dm\", \"name\": \"7a8600c4c9bff5fd39b2a97d6af7b70b_\\u667a\\u80fd\\u4ea7\\u54c1\\u6a21\\u578b.3dm\"}]", "slide": "[{\"url\": \"https://metaweb-1254980686.cos.ap-shanghai.myqcloud.com/a27af5429bb8819c9c78bb1ad21ebd03_\\u7ec8\\u671f\\u6c47\\u62a5.pptx\", \"name\": \"a27af5429bb8819c9c78bb1ad21ebd03_\\u7ec8\\u671f\\u6c47\\u62a5.pptx\"}]", "pdf": "[{\"url\": \"https://metaweb-1254980686.cos.ap-shanghai.myqcloud.com/73d8a19940e354030b7cdf1e6f4f64b5_\\u7ec8\\u671f\\u6c47\\u62a5.pdf\", \"name\": \"73d8a19940e354030b7cdf1e6f4f64b5_\\u7ec8\\u671f\\u6c47\\u62a5.pdf\"}]"}}, {"model": "enroll.content", "pk": 78, "fields": {"product": 40, "stage": "mid", "date": "2022-10-17T00:00:00", "album": "[{\"url\": \"https://metaweb-1254980686.cos.ap-shanghai.myqcloud.com/878a98ddf12bb3eb5f997034767de7ee_\\u4e2d\\u671f\\u8fc7\\u7a0b\\u6587\\u4ef6.jpg\", \"name\": \"878a98ddf12bb3eb5f997034767de7ee_\\u4e2d\\u671f\\u8fc7\\u7a0b\\u6587\\u4ef6.jpg\"}]", "images": "[{\"url\": \"https://metaweb-1254980686.cos.ap-shanghai.myqcloud.com/371076b38d11fbdbdf2b7bf297277089_\\u4e2d\\u671f\\u8fc7\\u7a0b\\u6587\\u4ef62.jpg\", \"name\": \"371076b38d11fbdbdf2b7bf297277089_\\u4e2d\\u671f\\u8fc7\\u7a0b\\u6587\\u4ef62.jpg\"}, {\"url\": \"https://metaweb-1254980686.cos.ap-shanghai.myqcloud.com/ad16f02b5021ef19b556930aae0ea389_\\u4e2d\\u671f\\u8fc7\\u7a0b\\u6587\\u4ef63.jpg\", \"name\": \"ad16f02b5021ef19b556930aae0ea389_\\u4e2d\\u671f\\u8fc7\\u7a0b\\u6587\\u4ef63.jpg\"}, {\"url\": \"https://metaweb-1254980686.cos.ap-shanghai.myqcloud.com/daa960c85a6ae86f6248aea77b4213f7_\\u4e2d\\u671f\\u8fc7\\u7a0b\\u6587\\u4ef64.jpg\", \"name\": \"daa960c85a6ae86f6248aea77b4213f7_\\u4e2d\\u671f\\u8fc7\\u7a0b\\u6587\\u4ef64.jpg\"}]", "video": null, "model": null, "slide": null, "pdf": null}}, {"model": "enroll.content", "pk": 79, "fields": {"product": 40, "stage": "end", "date": "2022-12-29T00:00:00", "album": "[{\"url\": \"https://metaweb-1254980686.cos.ap-shanghai.myqcloud.com/878a98ddf12bb3eb5f997034767de7ee_\\u5c01\\u9762\\u4e3b\\u56fe\\u4e0e\\u4f5c\\u54c1\\u56fe1.jpg\", \"name\": \"878a98ddf12bb3eb5f997034767de7ee_\\u5c01\\u9762\\u4e3b\\u56fe\\u4e0e\\u4f5c\\u54c1\\u56fe1.jpg\"}]", "images": "[{\"url\": \"https://metaweb-1254980686.cos.ap-shanghai.myqcloud.com/daa960c85a6ae86f6248aea77b4213f7_\\u5c01\\u9762\\u4e3b\\u56fe\\u4e0e\\u4f5c\\u54c1\\u56fe4.jpg\", \"name\": \"daa960c85a6ae86f6248aea77b4213f7_\\u5c01\\u9762\\u4e3b\\u56fe\\u4e0e\\u4f5c\\u54c1\\u56fe4.jpg\"}, {\"url\": \"https://metaweb-1254980686.cos.ap-shanghai.myqcloud.com/371076b38d11fbdbdf2b7bf297277089_\\u5c01\\u9762\\u4e3b\\u56fe\\u4e0e\\u4f5c\\u54c1\\u56fe2.jpg\", \"name\": \"371076b38d11fbdbdf2b7bf297277089_\\u5c01\\u9762\\u4e3b\\u56fe\\u4e0e\\u4f5c\\u54c1\\u56fe2.jpg\"}, {\"url\": \"https://metaweb-1254980686.cos.ap-shanghai.myqcloud.com/ad16f02b5021ef19b556930aae0ea389_\\u5c01\\u9762\\u4e3b\\u56fe\\u4e0e\\u4f5c\\u54c1\\u56fe3.jpg\", \"name\": \"ad16f02b5021ef19b556930aae0ea389_\\u5c01\\u9762\\u4e3b\\u56fe\\u4e0e\\u4f5c\\u54c1\\u56fe3.jpg\"}]", "video": "[{\"url\": \"https://metaweb-1254980686.cos.ap-shanghai.myqcloud.com/e3e65ee9ed57f55796a6e5487052844f_\\u4f5c\\u54c1\\u89c6\\u9891.mp4\", \"name\": \"e3e65ee9ed57f55796a6e5487052844f_\\u4f5c\\u54c1\\u89c6\\u9891.mp4\"}]", "model": "[]", "slide": "[{\"url\": \"https://metaweb-1254980686.cos.ap-shanghai.myqcloud.com/1c680fd6c2bc3161301132d05e107717_\\u7ec8\\u671f\\u6c47\\u62a5.pptx\", \"name\": \"1c680fd6c2bc3161301132d05e107717_\\u7ec8\\u671f\\u6c47\\u62a5.pptx\"}]", "pdf": "[{\"url\": \"https://metaweb-1254980686.cos.ap-shanghai.myqcloud.com/ae71cbcae2689aa9b844e97f4754e390_\\u7ec8\\u671f\\u6c47\\u62a5.pdf\", \"name\": \"ae71cbcae2689aa9b844e97f4754e390_\\u7ec8\\u671f\\u6c47\\u62a5.pdf\"}]"}}, {"model": "enroll.content", "pk": 80, "fields": {"product": 41, "stage": "mid", "date": "2022-07-22T00:00:00", "album": "[{\"url\": \"https://metaweb-1254980686.cos.ap-shanghai.myqcloud.com/1d629185e50ca0e5e19882112749186a_37d12f2eb9389b503825df488635e5dde6116ed5.jpeg\", \"name\": \"1d629185e50ca0e5e19882112749186a_37d12f2eb9389b503825df488635e5dde6116ed5.jpeg\"}]", "images": "[{\"url\": \"https://metaweb-1254980686.cos.ap-shanghai.myqcloud.com/1d629185e50ca0e5e19882112749186a_37d12f2eb9389b503825df488635e5dde6116ed5.jpeg\", \"name\": \"1d629185e50ca0e5e19882112749186a_37d12f2eb9389b503825df488635e5dde6116ed5.jpeg\"}]", "video": null, "model": null, "slide": null, "pdf": null}}, {"model": "enroll.content", "pk": 81, "fields": {"product": 41, "stage": "end", "date": "2022-07-22T00:00:00", "album": "[{\"url\": \"https://metaweb-1254980686.cos.ap-shanghai.myqcloud.com/1d629185e50ca0e5e19882112749186a_37d12f2eb9389b503825df488635e5dde6116ed5.jpeg\", \"name\": \"1d629185e50ca0e5e19882112749186a_37d12f2eb9389b503825df488635e5dde6116ed5.jpeg\"}]", "images": "[{\"url\": \"https://metaweb-1254980686.cos.ap-shanghai.myqcloud.com/1d629185e50ca0e5e19882112749186a_37d12f2eb9389b503825df488635e5dde6116ed5.jpeg\", \"name\": \"1d629185e50ca0e5e19882112749186a_37d12f2eb9389b503825df488635e5dde6116ed5.jpeg\"}]", "video": "[]", "model": "[]", "slide": "[]", "pdf": "[]"}}, {"model": "enroll.content", "pk": 82, "fields": {"product": 42, "stage": "mid", "date": "2022-11-01T00:00:00", "album": "[{\"url\": \"https://metaweb-1254980686.cos.ap-shanghai.myqcloud.com/085ceb4ac10eb02548485b3deeed5abb_1594345187432.jpg\", \"name\": \"085ceb4ac10eb02548485b3deeed5abb_1594345187432.jpg\"}]", "images": "[{\"url\": \"https://metaweb-1254980686.cos.ap-shanghai.myqcloud.com/085ceb4ac10eb02548485b3deeed5abb_1594345187432.jpg\", \"name\": \"085ceb4ac10eb02548485b3deeed5abb_1594345187432.jpg\"}]", "video": null, "model": null, "slide": null, "pdf": null}}, {"model": "enroll.content", "pk": 83, "fields": {"product": 42, "stage": "end", "date": "2022-11-01T00:00:00", "album": "[{\"url\": \"https://metaweb-1254980686.cos.ap-shanghai.myqcloud.com/085ceb4ac10eb02548485b3deeed5abb_1594345187432.jpg\", \"name\": \"085ceb4ac10eb02548485b3deeed5abb_1594345187432.jpg\"}]", "images": "[{\"url\": \"https://metaweb-1254980686.cos.ap-shanghai.myqcloud.com/085ceb4ac10eb02548485b3deeed5abb_1594345187432.jpg\", \"name\": \"085ceb4ac10eb02548485b3deeed5abb_1594345187432.jpg\"}]", "video": "[]", "model": "[]", "slide": "[]", "pdf": "[]"}}, {"model": "enroll.content", "pk": 84, "fields": {"product": 43, "stage": "mid", "date": "2022-10-17T00:00:00", "album": "[{\"url\": \"https://metaweb-1254980686.cos.ap-shanghai.myqcloud.com/412bb4a73a382250ea17bebce0f26b5b_\\u65b0\\u80fd\\u6e90\\u6a21\\u5757\\u5316\\u5929\\u5e55.png\", \"name\": \"412bb4a73a382250ea17bebce0f26b5b_\\u65b0\\u80fd\\u6e90\\u6a21\\u5757\\u5316\\u5929\\u5e55.png\"}]", "images": "[{\"url\": \"https://metaweb-1254980686.cos.ap-shanghai.myqcloud.com/412bb4a73a382250ea17bebce0f26b5b_\\u65b0\\u80fd\\u6e90\\u6a21\\u5757\\u5316\\u5929\\u5e55.png\", \"name\": \"412bb4a73a382250ea17bebce0f26b5b_\\u65b0\\u80fd\\u6e90\\u6a21\\u5757\\u5316\\u5929\\u5e55.png\"}]", "video": null, "model": null, "slide": null, "pdf": null}}, {"model": "enroll.content", "pk": 85, "fields": {"product": 43, "stage": "end", "date": "2022-12-29T00:00:00", "album": "[{\"url\": \"https://metaweb-1254980686.cos.ap-shanghai.myqcloud.com/412bb4a73a382250ea17bebce0f26b5b_\\u65b0\\u80fd\\u6e90\\u6a21\\u5757\\u5316\\u5929\\u5e55.png\", \"name\": \"412bb4a73a382250ea17bebce0f26b5b_\\u65b0\\u80fd\\u6e90\\u6a21\\u5757\\u5316\\u5929\\u5e55.png\"}]", "images": "[{\"url\": \"https://metaweb-1254980686.cos.ap-shanghai.myqcloud.com/412bb4a73a382250ea17bebce0f26b5b_\\u65b0\\u80fd\\u6e90\\u6a21\\u5757\\u5316\\u5929\\u5e55.png\", \"name\": \"412bb4a73a382250ea17bebce0f26b5b_\\u65b0\\u80fd\\u6e90\\u6a21\\u5757\\u5316\\u5929\\u5e55.png\"}]", "video": "[]", "model": "[]", "slide": "[]", "pdf": "[{\"url\": \"https://metaweb-1254980686.cos.ap-shanghai.myqcloud.com/a1a756e473bceb4cf1cf906c8018d13d_\\u65b0\\u80fd\\u6e90\\u6a21\\u5757\\u5316\\u5929\\u5e55.pdf\", \"name\": \"a1a756e473bceb4cf1cf906c8018d13d_\\u65b0\\u80fd\\u6e90\\u6a21\\u5757\\u5316\\u5929\\u5e55.pdf\"}]"}}, {"model": "enroll.content", "pk": 86, "fields": {"product": 44, "stage": "mid", "date": "2023-09-23T00:00:00", "album": "[{\"url\": \"https://metaweb-1254980686.cos.ap-shanghai.myqcloud.com/399aee62d5a5c7926cd0fc3ac6409d18_WechatIMG467.png\", \"name\": \"399aee62d5a5c7926cd0fc3ac6409d18_WechatIMG467.png\"}]", "images": "[{\"url\": \"https://metaweb-1254980686.cos.ap-shanghai.myqcloud.com/399aee62d5a5c7926cd0fc3ac6409d18_WechatIMG467.png\", \"name\": \"399aee62d5a5c7926cd0fc3ac6409d18_WechatIMG467.png\"}]", "video": null, "model": null, "slide": null, "pdf": null}}, {"model": "enroll.content", "pk": 87, "fields": {"product": 44, "stage": "end", "date": "2023-09-23T00:00:00", "album": "[{\"url\": \"https://metaweb-1254980686.cos.ap-shanghai.myqcloud.com/399aee62d5a5c7926cd0fc3ac6409d18_WechatIMG467.png\", \"name\": \"399aee62d5a5c7926cd0fc3ac6409d18_WechatIMG467.png\"}]", "images": "[{\"url\": \"https://metaweb-1254980686.cos.ap-shanghai.myqcloud.com/399aee62d5a5c7926cd0fc3ac6409d18_WechatIMG467.png\", \"name\": \"399aee62d5a5c7926cd0fc3ac6409d18_WechatIMG467.png\"}]", "video": "[]", "model": "[]", "slide": "[]", "pdf": "[]"}}, {"model": "enroll.content", "pk": 88, "fields": {"product": 45, "stage": "mid", "date": "2023-03-09T00:00:00", "album": "[{\"url\": \"https://metaweb-1254980686.cos.ap-shanghai.myqcloud.com/b424aff72b191b33848119a633c86571_src=http___safe-img.xhscdn.com_bw1_fe05bee4-7586-4cc9-8896-0c2c4ac5d605_imageView2_2_w_1080_format_jpg&refer=http___safe-img.xhscdn.jpg\", \"name\": \"b424aff72b191b33848119a633c86571_src=http___safe-img.xhscdn.com_bw1_fe05bee4-7586-4cc9-8896-0c2c4ac5d605_imageView2_2_w_1080_format_jpg&refer=http___safe-img.xhscdn.jpg\"}]", "images": "[{\"url\": \"https://metaweb-1254980686.cos.ap-shanghai.myqcloud.com/b424aff72b191b33848119a633c86571_src=http___safe-img.xhscdn.com_bw1_fe05bee4-7586-4cc9-8896-0c2c4ac5d605_imageView2_2_w_1080_format_jpg&refer=http___safe-img.xhscdn.jpg\", \"name\": \"b424aff72b191b33848119a633c86571_src=http___safe-img.xhscdn.com_bw1_fe05bee4-7586-4cc9-8896-0c2c4ac5d605_imageView2_2_w_1080_format_jpg&refer=http___safe-img.xhscdn.jpg\"}]", "video": null, "model": null, "slide": null, "pdf": null}}, {"model": "enroll.content", "pk": 89, "fields": {"product": 45, "stage": "end", "date": "2023-03-09T00:00:00", "album": "[{\"url\": \"https://metaweb-1254980686.cos.ap-shanghai.myqcloud.com/b424aff72b191b33848119a633c86571_src=http___safe-img.xhscdn.com_bw1_fe05bee4-7586-4cc9-8896-0c2c4ac5d605_imageView2_2_w_1080_format_jpg&refer=http___safe-img.xhscdn.jpg\", \"name\": \"b424aff72b191b33848119a633c86571_src=http___safe-img.xhscdn.com_bw1_fe05bee4-7586-4cc9-8896-0c2c4ac5d605_imageView2_2_w_1080_format_jpg&refer=http___safe-img.xhscdn.jpg\"}]", "images": "[{\"url\": \"https://metaweb-1254980686.cos.ap-shanghai.myqcloud.com/b424aff72b191b33848119a633c86571_src=http___safe-img.xhscdn.com_bw1_fe05bee4-7586-4cc9-8896-0c2c4ac5d605_imageView2_2_w_1080_format_jpg&refer=http___safe-img.xhscdn.jpg\", \"name\": \"b424aff72b191b33848119a633c86571_src=http___safe-img.xhscdn.com_bw1_fe05bee4-7586-4cc9-8896-0c2c4ac5d605_imageView2_2_w_1080_format_jpg&refer=http___safe-img.xhscdn.jpg\"}]", "video": "[]", "model": "[]", "slide": "[]", "pdf": "[]"}}, {"model": "enroll.social_like", "pk": 1, "fields": {"content": 17, "user": "shaojinxin", "date": "2022-12-26"}}, {"model": "enroll.social_view", "pk": 1, "fields": {"content": 17, "user": "shaojinxin", "date": "2022-12-26"}}, {"model": "enroll.social_view", "pk": 2, "fields": {"content": 17, "user": "shaojinxin", "date": "2022-12-26"}}, {"model": "enroll.social_share", "pk": 1, "fields": {"content": 15, "user": "shaojinxin", "date": "2022-12-26"}}]